item_id,order_id,product_id,quantity,unit_price,discount_pct,line_total
1,1,46,1,8.04,0.0,8.04
2,1,34,1,89.96,0.05,85.46
3,2,6,4,130.84,0.15,444.86
4,2,22,1,96.37,0.05,91.55
5,3,20,3,119.26,0.05,339.89
6,3,2,2,77.06,0.0,154.12
7,4,18,3,97.75,0.1,263.93
8,5,18,2,97.75,0.0,195.5
9,5,10,1,53.11,0.2,42.49
10,6,7,3,172.22,0.05,490.83
11,6,14,3,88.57,0.0,265.71
12,7,19,2,92.93,0.0,185.86
13,7,37,3,70.64,0.05,201.32
14,7,16,1,27.33,0.0,27.33
15,8,44,1,51.17,0.0,51.17
16,8,4,1,128.52,0.0,128.52
17,9,39,4,84.68,0.05,321.78
18,10,13,1,21.76,0.2,17.41
19,11,30,1,64.36,0.1,57.92
20,11,37,4,70.64,0.0,282.56
21,11,9,3,33.5,0.05,95.47
22,12,30,2,64.36,0.0,128.72
23,12,31,3,56.95,0.15,145.22
24,12,15,4,118.88,0.0,475.52
25,13,22,1,96.37,0.0,96.37
26,13,21,1,133.67,0.0,133.67
27,13,30,4,64.36,0.1,231.7
28,13,32,3,71.83,0.1,193.94
29,14,9,1,33.5,0.0,33.5
30,14,33,1,46.67,0.0,46.67
31,15,20,4,119.26,0.0,477.04
32,15,35,4,28.31,0.0,113.24
33,16,11,4,93.29,0.0,373.16
34,17,45,4,32.57,0.1,117.25
35,18,22,2,96.37,0.0,192.74
36,18,35,1,28.31,0.1,25.48
37,19,32,4,71.83,0.0,287.32
38,19,8,1,244.3,0.1,219.87
39,19,38,2,77.4,0.0,154.8
40,20,39,4,84.68,0.0,338.72
41,20,7,1,172.22,0.0,172.22
42,21,38,1,77.4,0.1,69.66
43,21,49,2,13.04,0.0,26.08
44,21,41,3,43.66,0.0,130.98
45,22,13,3,21.76,0.0,65.28
46,22,14,3,88.57,0.15,225.85
47,23,46,1,8.04,0.05,7.64
48,23,23,4,67.67,0.1,243.61
49,23,6,3,130.84,0.0,392.52
50,23,38,1,77.4,0.0,77.4
51,24,23,3,67.67,0.15,172.56
52,24,8,2,244.3,0.0,488.6
53,25,41,4,43.66,0.0,174.64
54,25,21,4,133.67,0.05,507.95
55,26,31,2,56.95,0.05,108.2
56,26,9,3,33.5,0.1,90.45
57,27,43,2,36.42,0.0,72.84
58,28,2,2,77.06,0.1,138.71
59,29,28,1,60.27,0.0,60.27
60,29,9,4,33.5,0.15,113.9
61,30,45,2,32.57,0.0,65.14
62,30,39,4,84.68,0.05,321.78
63,30,28,4,60.27,0.0,241.08
64,30,40,2,27.39,0.0,54.78
65,31,37,2,70.64,0.1,127.15
66,31,32,3,71.83,0.0,215.49
67,32,24,1,22.27,0.05,21.16
68,32,3,3,41.89,0.0,125.67
69,33,45,2,32.57,0.1,58.63
70,33,6,3,130.84,0.0,392.52
71,34,40,1,27.39,0.0,27.39
72,35,43,3,36.42,0.05,103.8
73,35,5,3,89.88,0.05,256.16
74,36,30,4,64.36,0.05,244.57
75,37,23,3,67.67,0.0,203.01
76,38,39,3,84.68,0.1,228.64
77,39,4,4,128.52,0.05,488.38
78,39,41,1,43.66,0.05,41.48
79,40,48,1,23.9,0.0,23.9
80,41,33,1,46.67,0.15,39.67
81,42,9,3,33.5,0.0,100.5
82,43,48,1,23.9,0.05,22.7
83,44,48,3,23.9,0.1,64.53
84,44,10,3,53.11,0.1,143.4
85,44,43,2,36.42,0.0,72.84
86,44,29,1,58.15,0.0,58.15
87,45,10,2,53.11,0.1,95.6
88,46,27,2,12.72,0.05,24.17
89,46,50,2,49.32,0.0,98.64
90,46,25,3,37.91,0.0,113.73
91,47,8,1,244.3,0.0,244.3
92,48,20,4,119.26,0.1,429.34
93,49,35,4,28.31,0.0,113.24
94,49,15,2,118.88,0.05,225.87
95,49,25,4,37.91,0.0,151.64
96,50,29,1,58.15,0.0,58.15
97,50,25,3,37.91,0.2,90.98
98,50,44,4,51.17,0.05,194.45
99,50,21,3,133.67,0.0,401.01
100,51,7,3,172.22,0.05,490.83
101,52,50,2,49.32,0.1,88.78
102,53,13,3,21.76,0.05,62.02
103,53,34,2,89.96,0.0,179.92
104,54,1,1,250.68,0.0,250.68
105,55,7,4,172.22,0.0,688.88
106,56,17,1,32.64,0.05,31.01
107,56,13,1,21.76,0.15,18.5
108,56,3,2,41.89,0.2,67.02
109,57,46,1,8.04,0.15,6.83
110,57,8,2,244.3,0.0,488.6
111,58,42,1,43.98,0.05,41.78
112,58,37,3,70.64,0.0,211.92
113,58,12,1,81.12,0.05,77.06
114,59,18,3,97.75,0.0,293.25
115,59,50,1,49.32,0.0,49.32
116,59,28,1,60.27,0.0,60.27
117,59,45,3,32.57,0.2,78.17
118,60,17,2,32.64,0.0,65.28
119,61,13,4,21.76,0.0,87.04
120,61,40,4,27.39,0.0,109.56
121,62,28,1,60.27,0.15,51.23
122,62,14,3,88.57,0.0,265.71
123,63,37,3,70.64,0.1,190.73
124,64,32,2,71.83,0.05,136.48
125,65,3,4,41.89,0.0,167.56
126,66,26,4,44.87,0.0,179.48
127,66,37,4,70.64,0.1,254.3
128,66,1,1,250.68,0.05,238.15
129,67,45,4,32.57,0.0,130.28
130,68,23,3,67.67,0.0,203.01
131,68,22,1,96.37,0.0,96.37
132,69,22,3,96.37,0.05,274.65
133,69,6,2,130.84,0.05,248.6
134,69,30,4,64.36,0.05,244.57
135,69,49,3,13.04,0.05,37.16
136,70,41,1,43.66,0.15,37.11
137,70,45,4,32.57,0.1,117.25
138,70,23,2,67.67,0.0,135.34
139,70,32,1,71.83,0.1,64.65
140,71,32,1,71.83,0.1,64.65
141,71,25,3,37.91,0.0,113.73
142,72,29,3,58.15,0.1,157.0
143,72,2,1,77.06,0.0,77.06
144,72,3,2,41.89,0.1,75.4
145,72,22,4,96.37,0.15,327.66
146,72,4,2,128.52,0.1,231.34
147,73,5,1,89.88,0.1,80.89
148,74,2,1,77.06,0.0,77.06
149,74,31,2,56.95,0.0,113.9
150,75,20,4,119.26,0.05,453.19
151,75,7,1,172.22,0.1,155.0
152,76,32,2,71.83,0.0,143.66
153,77,22,4,96.37,0.0,385.48
154,78,37,1,70.64,0.05,67.11
155,78,35,3,28.31,0.0,84.93
156,78,9,3,33.5,0.0,100.5
157,78,21,4,133.67,0.0,534.68
158,78,14,3,88.57,0.05,252.42
159,79,38,2,77.4,0.0,154.8
160,79,3,4,41.89,0.1,150.8
161,80,32,1,71.83,0.0,71.83
162,81,6,3,130.84,0.0,392.52
163,82,50,2,49.32,0.0,98.64
164,82,31,3,56.95,0.05,162.31
165,82,45,4,32.57,0.0,130.28
166,83,45,1,32.57,0.05,30.94
167,84,40,3,27.39,0.0,82.17
168,84,6,1,130.84,0.05,124.3
169,84,41,2,43.66,0.0,87.32
170,85,7,3,172.22,0.15,439.16
171,85,40,2,27.39,0.0,54.78
172,86,14,1,88.57,0.0,88.57
173,86,18,2,97.75,0.05,185.72
174,87,31,1,56.95,0.0,56.95
175,87,32,3,71.83,0.0,215.49
176,87,12,4,81.12,0.0,324.48
177,87,11,4,93.29,0.0,373.16
178,87,43,1,36.42,0.15,30.96
179,88,2,4,77.06,0.05,292.83
180,89,16,4,27.33,0.05,103.85
181,90,13,3,21.76,0.0,65.28
182,91,15,1,118.88,0.0,118.88
183,92,13,2,21.76,0.0,43.52
184,92,25,4,37.91,0.0,151.64
185,93,14,4,88.57,0.0,354.28
186,93,40,3,27.39,0.0,82.17
187,94,41,2,43.66,0.0,87.32
188,94,23,1,67.67,0.05,64.29
189,94,18,1,97.75,0.0,97.75
190,95,30,4,64.36,0.0,257.44
191,96,15,2,118.88,0.1,213.98
192,96,19,2,92.93,0.05,176.57
193,96,39,2,84.68,0.0,169.36
194,97,32,4,71.83,0.0,287.32
195,97,14,4,88.57,0.1,318.85
196,97,38,2,77.4,0.0,154.8
197,97,31,4,56.95,0.05,216.41
198,98,38,4,77.4,0.2,247.68
199,98,10,1,53.11,0.2,42.49
200,98,37,1,70.64,0.0,70.64
201,98,1,4,250.68,0.0,1002.72
202,99,7,2,172.22,0.0,344.44
203,99,29,1,58.15,0.05,55.24
204,99,32,4,71.83,0.15,244.22
205,100,19,2,92.93,0.05,176.57
206,101,31,3,56.95,0.0,170.85
207,102,37,1,70.64,0.2,56.51
208,102,48,4,23.9,0.1,86.04
209,103,26,4,44.87,0.1,161.53
210,103,12,1,81.12,0.15,68.95
211,103,24,1,22.27,0.0,22.27
212,103,41,3,43.66,0.05,124.43
213,104,49,3,13.04,0.05,37.16
214,105,37,1,70.64,0.05,67.11
215,105,14,3,88.57,0.1,239.14
216,106,44,3,51.17,0.15,130.48
217,107,24,4,22.27,0.05,84.63
218,108,12,1,81.12,0.05,77.06
219,109,9,1,33.5,0.05,31.82
220,109,22,2,96.37,0.1,173.47
221,109,16,2,27.33,0.0,54.66
222,110,33,1,46.67,0.0,46.67
223,110,44,3,51.17,0.0,153.51
224,110,28,1,60.27,0.0,60.27
225,110,18,3,97.75,0.0,293.25
226,111,44,1,51.17,0.0,51.17
227,112,6,1,130.84,0.0,130.84
228,112,26,3,44.87,0.0,134.61
229,112,12,2,81.12,0.0,162.24
230,112,19,2,92.93,0.05,176.57
231,113,19,2,92.93,0.0,185.86
232,113,27,4,12.72,0.0,50.88
233,114,19,1,92.93,0.0,92.93
234,114,13,2,21.76,0.1,39.17
235,115,22,3,96.37,0.05,274.65
236,115,27,3,12.72,0.0,38.16
237,116,34,4,89.96,0.0,359.84
238,116,36,2,74.93,0.15,127.38
239,117,17,2,32.64,0.0,65.28
240,118,50,4,49.32,0.2,157.82
241,118,4,2,128.52,0.1,231.34
242,118,10,3,53.11,0.0,159.33
243,118,23,2,67.67,0.1,121.81
244,118,19,2,92.93,0.0,185.86
245,119,21,2,133.67,0.0,267.34
246,120,14,1,88.57,0.05,84.14
247,121,10,3,53.11,0.0,159.33
248,121,24,1,22.27,0.0,22.27
249,121,29,4,58.15,0.1,209.34
250,121,35,4,28.31,0.15,96.25
251,121,11,2,93.29,0.0,186.58
252,122,33,3,46.67,0.0,140.01
253,122,22,3,96.37,0.2,231.29
254,122,42,2,43.98,0.1,79.16
255,123,29,1,58.15,0.1,52.34
256,123,22,1,96.37,0.0,96.37
257,123,45,1,32.57,0.0,32.57
258,124,15,3,118.88,0.0,356.64
259,124,29,1,58.15,0.05,55.24
260,125,34,2,89.96,0.1,161.93
261,126,13,4,21.76,0.05,82.69
262,126,2,1,77.06,0.2,61.65
263,126,6,4,130.84,0.0,523.36
264,127,39,1,84.68,0.15,71.98
265,128,10,4,53.11,0.0,212.44
266,129,19,3,92.93,0.0,278.79
267,130,36,4,74.93,0.1,269.75
268,130,6,3,130.84,0.0,392.52
269,130,14,4,88.57,0.1,318.85
270,130,47,4,17.81,0.0,71.24
271,130,29,1,58.15,0.0,58.15
272,131,34,3,89.96,0.0,269.88
273,132,49,3,13.04,0.0,39.12
274,132,25,4,37.91,0.1,136.48
275,132,6,2,130.84,0.0,261.68
276,132,1,4,250.68,0.0,1002.72
277,132,27,4,12.72,0.0,50.88
278,133,38,4,77.4,0.0,309.6
279,133,20,1,119.26,0.0,119.26
280,133,32,3,71.83,0.2,172.39
281,134,31,3,56.95,0.0,170.85
282,134,8,4,244.3,0.15,830.62
283,134,42,2,43.98,0.0,87.96
284,135,32,3,71.83,0.05,204.72
285,135,5,4,89.88,0.15,305.59
286,135,39,4,84.68,0.2,270.98
287,136,24,1,22.27,0.1,20.04
288,136,33,2,46.67,0.05,88.67
289,136,47,2,17.81,0.0,35.62
290,137,9,3,33.5,0.0,100.5
291,137,23,3,67.67,0.0,203.01
292,137,11,3,93.29,0.05,265.88
293,137,4,1,128.52,0.05,122.09
294,138,12,2,81.12,0.05,154.13
295,138,49,3,13.04,0.1,35.21
296,138,7,3,172.22,0.0,516.66
297,139,24,3,22.27,0.1,60.13
298,139,7,1,172.22,0.0,172.22
299,140,50,4,49.32,0.0,197.28
300,141,11,2,93.29,0.1,167.92
301,141,7,1,172.22,0.0,172.22
302,141,14,1,88.57,0.0,88.57
303,141,10,2,53.11,0.15,90.29
304,142,20,3,119.26,0.0,357.78
305,142,45,4,32.57,0.15,110.74
306,143,49,2,13.04,0.1,23.47
307,143,22,1,96.37,0.1,86.73
308,144,9,2,33.5,0.05,63.65
309,145,14,2,88.57,0.2,141.71
310,146,49,1,13.04,0.0,13.04
311,146,8,4,244.3,0.1,879.48
312,147,7,1,172.22,0.1,155.0
313,148,4,1,128.52,0.15,109.24
314,148,31,1,56.95,0.0,56.95
315,149,49,1,13.04,0.15,11.08
316,149,7,2,172.22,0.05,327.22
317,150,43,3,36.42,0.0,109.26
318,151,48,3,23.9,0.15,60.94
319,152,11,2,93.29,0.05,177.25
320,153,38,1,77.4,0.05,73.53
321,154,19,1,92.93,0.2,74.34
322,154,11,1,93.29,0.15,79.3
323,154,49,4,13.04,0.0,52.16
324,155,29,1,58.15,0.0,58.15
325,155,44,3,51.17,0.2,122.81
326,156,33,4,46.67,0.0,186.68
327,156,15,3,118.88,0.0,356.64
328,157,9,4,33.5,0.1,120.6
329,158,36,1,74.93,0.0,74.93
330,158,47,1,17.81,0.0,17.81
331,158,3,4,41.89,0.05,159.18
332,159,29,2,58.15,0.05,110.48
333,160,28,2,60.27,0.15,102.46
334,161,31,1,56.95,0.2,45.56
335,161,44,4,51.17,0.05,194.45
336,161,24,4,22.27,0.0,89.08
337,161,12,1,81.12,0.0,81.12
338,162,45,1,32.57,0.1,29.31
339,163,11,3,93.29,0.0,279.87
340,163,5,4,89.88,0.0,359.52
341,163,24,4,22.27,0.1,80.17
342,163,13,3,21.76,0.1,58.75
343,164,38,4,77.4,0.0,309.6
344,164,18,4,97.75,0.2,312.8
345,164,49,3,13.04,0.0,39.12
346,165,8,4,244.3,0.0,977.2
347,165,17,2,32.64,0.0,65.28
348,166,5,1,89.88,0.2,71.9
349,166,32,4,71.83,0.05,272.95
350,166,44,3,51.17,0.0,153.51
351,167,7,1,172.22,0.05,163.61
352,167,49,4,13.04,0.1,46.94
353,168,43,4,36.42,0.0,145.68
354,169,22,1,96.37,0.2,77.1
355,170,28,1,60.27,0.0,60.27
356,171,25,4,37.91,0.0,151.64
357,172,36,3,74.93,0.15,191.07
358,173,28,2,60.27,0.0,120.54
359,174,49,1,13.04,0.05,12.39
360,175,36,4,74.93,0.0,299.72
361,175,44,2,51.17,0.05,97.22
362,176,32,4,71.83,0.05,272.95
363,177,19,3,92.93,0.0,278.79
364,178,9,3,33.5,0.1,90.45
365,178,24,1,22.27,0.1,20.04
366,179,25,4,37.91,0.0,151.64
367,179,7,3,172.22,0.0,516.66
368,180,16,2,27.33,0.0,54.66
369,181,6,1,130.84,0.15,111.21
370,182,11,1,93.29,0.05,88.63
371,183,43,4,36.42,0.05,138.4
372,184,18,1,97.75,0.2,78.2
373,184,2,4,77.06,0.05,292.83
374,184,45,3,32.57,0.05,92.82
375,184,31,4,56.95,0.0,227.8
376,185,22,3,96.37,0.0,289.11
377,185,32,3,71.83,0.0,215.49
378,186,32,1,71.83,0.1,64.65
379,186,41,2,43.66,0.0,87.32
380,187,37,4,70.64,0.1,254.3
381,188,6,1,130.84,0.05,124.3
382,188,46,3,8.04,0.0,24.12
383,189,31,3,56.95,0.1,153.77
384,189,28,3,60.27,0.05,171.77
385,189,14,3,88.57,0.0,265.71
386,190,13,4,21.76,0.0,87.04
387,190,27,4,12.72,0.05,48.34
388,191,2,2,77.06,0.05,146.41
389,191,41,2,43.66,0.05,82.95
390,192,30,4,64.36,0.15,218.82
391,192,18,1,97.75,0.05,92.86
392,192,41,3,43.66,0.0,130.98
393,193,48,3,23.9,0.1,64.53
394,194,5,2,89.88,0.1,161.78
395,194,41,3,43.66,0.1,117.88
396,195,17,2,32.64,0.0,65.28
397,195,44,1,51.17,0.0,51.17
398,196,20,4,119.26,0.0,477.04
399,197,28,3,60.27,0.0,180.81
400,197,42,3,43.98,0.1,118.75
401,197,3,3,41.89,0.05,119.39
402,197,13,2,21.76,0.05,41.34
403,197,11,1,93.29,0.2,74.63
404,198,2,1,77.06,0.0,77.06
405,198,4,3,128.52,0.15,327.73
406,199,27,4,12.72,0.15,43.25
407,199,24,2,22.27,0.0,44.54
408,199,43,1,36.42,0.05,34.6
409,199,6,3,130.84,0.0,392.52
410,200,39,1,84.68,0.1,76.21
411,201,38,4,77.4,0.1,278.64
412,202,28,1,60.27,0.0,60.27
413,202,14,3,88.57,0.0,265.71
414,202,10,3,53.11,0.15,135.43
415,203,35,3,28.31,0.05,80.68
416,204,35,4,28.31,0.0,113.24
417,205,18,2,97.75,0.0,195.5
418,206,20,1,119.26,0.1,107.33
419,206,2,1,77.06,0.05,73.21
420,206,42,2,43.98,0.0,87.96
421,207,41,3,43.66,0.15,111.33
422,208,35,4,28.31,0.0,113.24
423,208,16,4,27.33,0.15,92.92
424,209,20,3,119.26,0.0,357.78
425,209,6,2,130.84,0.15,222.43
426,209,49,3,13.04,0.15,33.25
427,209,16,4,27.33,0.1,98.39
428,210,6,4,130.84,0.0,523.36
429,211,22,4,96.37,0.15,327.66
430,211,46,1,8.04,0.1,7.24
431,212,33,3,46.67,0.0,140.01
432,212,5,3,89.88,0.0,269.64
433,213,4,2,128.52,0.05,244.19
434,214,9,2,33.5,0.05,63.65
435,214,1,3,250.68,0.05,714.44
436,214,26,1,44.87,0.0,44.87
437,215,50,2,49.32,0.1,88.78
438,215,42,4,43.98,0.1,158.33
439,216,31,2,56.95,0.0,113.9
440,217,21,2,133.67,0.0,267.34
441,217,19,3,92.93,0.0,278.79
442,218,37,2,70.64,0.15,120.09
443,218,15,4,118.88,0.0,475.52
444,218,2,2,77.06,0.0,154.12
445,218,36,4,74.93,0.05,284.73
446,219,24,2,22.27,0.15,37.86
447,220,46,4,8.04,0.1,28.94
448,221,44,2,51.17,0.0,102.34
449,221,32,3,71.83,0.0,215.49
450,221,8,4,244.3,0.0,977.2
451,221,15,4,118.88,0.15,404.19
452,222,19,2,92.93,0.0,185.86
453,222,47,4,17.81,0.1,64.12
454,223,17,2,32.64,0.05,62.02
455,224,24,4,22.27,0.0,89.08
456,224,38,4,77.4,0.0,309.6
457,224,44,3,51.17,0.2,122.81
458,224,42,4,43.98,0.05,167.12
459,225,46,3,8.04,0.0,24.12
460,225,28,1,60.27,0.0,60.27
461,225,48,2,23.9,0.0,47.8
462,226,39,1,84.68,0.0,84.68
463,227,25,4,37.91,0.05,144.06
464,227,20,2,119.26,0.2,190.82
465,228,38,3,77.4,0.0,232.2
466,228,12,4,81.12,0.15,275.81
467,229,9,4,33.5,0.0,134.0
468,229,6,1,130.84,0.0,130.84
469,229,21,2,133.67,0.0,267.34
470,229,46,3,8.04,0.1,21.71
471,230,19,3,92.93,0.05,264.85
472,230,17,4,32.64,0.15,110.98
473,230,40,3,27.39,0.1,73.95
474,230,49,4,13.04,0.1,46.94
475,231,43,4,36.42,0.0,145.68
476,232,15,2,118.88,0.0,237.76
477,233,46,4,8.04,0.0,32.16
478,234,32,4,71.83,0.0,287.32
479,234,3,1,41.89,0.1,37.7
480,234,29,2,58.15,0.0,116.3
481,234,23,1,67.67,0.0,67.67
482,234,46,3,8.04,0.0,24.12
483,235,33,3,46.67,0.05,133.01
484,236,14,1,88.57,0.05,84.14
485,236,38,2,77.4,0.0,154.8
486,237,50,4,49.32,0.05,187.42
487,238,2,4,77.06,0.0,308.24
488,238,19,1,92.93,0.1,83.64
489,238,44,2,51.17,0.0,102.34
490,238,8,4,244.3,0.1,879.48
491,239,30,3,64.36,0.05,183.43
492,239,41,1,43.66,0.0,43.66
493,240,40,4,27.39,0.0,109.56
494,241,47,2,17.81,0.15,30.28
495,241,37,3,70.64,0.0,211.92
496,241,9,1,33.5,0.1,30.15
497,242,39,1,84.68,0.0,84.68
498,242,25,2,37.91,0.0,75.82
499,243,26,2,44.87,0.0,89.74
500,243,6,4,130.84,0.0,523.36
501,243,2,2,77.06,0.0,154.12
502,244,28,3,60.27,0.15,153.69
503,244,48,2,23.9,0.0,47.8
504,245,24,2,22.27,0.0,44.54
505,246,31,4,56.95,0.0,227.8
506,246,18,4,97.75,0.1,351.9
507,246,37,2,70.64,0.0,141.28
508,246,39,4,84.68,0.0,338.72
509,247,30,2,64.36,0.05,122.28
510,247,44,2,51.17,0.15,86.99
511,248,42,1,43.98,0.0,43.98
512,248,34,4,89.96,0.0,359.84
513,249,20,3,119.26,0.1,322.0
514,249,10,4,53.11,0.0,212.44
515,249,9,1,33.5,0.05,31.82
516,250,33,1,46.67,0.0,46.67
517,250,7,3,172.22,0.0,516.66
518,250,28,1,60.27,0.1,54.24
519,250,27,1,12.72,0.0,12.72
520,251,12,1,81.12,0.0,81.12
521,251,26,3,44.87,0.0,134.61
522,252,49,3,13.04,0.0,39.12
523,252,43,2,36.42,0.0,72.84
524,252,29,1,58.15,0.1,52.34
525,253,44,4,51.17,0.05,194.45
526,253,7,1,172.22,0.0,172.22
527,254,42,4,43.98,0.0,175.92
528,255,43,4,36.42,0.0,145.68
529,255,48,3,23.9,0.05,68.11
530,256,44,2,51.17,0.0,102.34
531,256,26,1,44.87,0.1,40.38
532,256,20,2,119.26,0.15,202.74
533,256,6,2,130.84,0.0,261.68
534,256,9,2,33.5,0.05,63.65
535,257,41,2,43.66,0.0,87.32
536,257,35,4,28.31,0.0,113.24
537,258,8,2,244.3,0.1,439.74
538,258,11,4,93.29,0.2,298.53
539,259,29,2,58.15,0.0,116.3
540,259,38,4,77.4,0.0,309.6
541,260,41,4,43.66,0.2,139.71
542,261,48,3,23.9,0.0,71.7
543,261,38,4,77.4,0.0,309.6
544,261,39,4,84.68,0.0,338.72
545,262,2,4,77.06,0.05,292.83
546,263,18,4,97.75,0.15,332.35
547,263,42,1,43.98,0.0,43.98
548,264,23,1,67.67,0.0,67.67
549,264,29,2,58.15,0.0,116.3
550,264,45,4,32.57,0.0,130.28
551,264,28,2,60.27,0.05,114.51
552,265,39,4,84.68,0.0,338.72
553,265,46,3,8.04,0.1,21.71
554,266,27,3,12.72,0.1,34.34
555,267,11,3,93.29,0.05,265.88
556,267,40,1,27.39,0.05,26.02
557,267,14,2,88.57,0.0,177.14
558,268,32,1,71.83,0.1,64.65
559,269,32,1,71.83,0.2,57.46
560,269,20,3,119.26,0.15,304.11
561,269,16,3,27.33,0.05,77.89
562,269,14,2,88.57,0.1,159.43
563,270,3,1,41.89,0.05,39.8
564,270,5,1,89.88,0.05,85.39
565,270,22,4,96.37,0.0,385.48
566,270,28,3,60.27,0.1,162.73
567,271,50,2,49.32,0.15,83.84
568,271,36,1,74.93,0.1,67.44
569,271,18,4,97.75,0.1,351.9
570,272,49,1,13.04,0.05,12.39
571,272,8,2,244.3,0.05,464.17
572,272,7,2,172.22,0.15,292.77
573,272,40,2,27.39,0.1,49.3
574,272,36,4,74.93,0.1,269.75
575,273,7,3,172.22,0.0,516.66
576,273,10,2,53.11,0.0,106.22
577,274,27,1,12.72,0.0,12.72
578,275,22,2,96.37,0.0,192.74
579,275,19,3,92.93,0.1,250.91
580,275,33,4,46.67,0.0,186.68
581,276,10,4,53.11,0.1,191.2
582,276,49,2,13.04,0.1,23.47
583,277,27,3,12.72,0.15,32.44
584,277,30,4,64.36,0.0,257.44
585,278,34,1,89.96,0.0,89.96
586,279,50,2,49.32,0.0,98.64
587,280,3,2,41.89,0.15,71.21
588,281,41,3,43.66,0.0,130.98
589,282,45,3,32.57,0.15,83.05
590,282,36,1,74.93,0.1,67.44
591,282,20,2,119.26,0.1,214.67
592,282,47,4,17.81,0.05,67.68
593,283,40,3,27.39,0.15,69.84
594,283,42,4,43.98,0.1,158.33
595,283,29,3,58.15,0.0,174.45
596,283,45,3,32.57,0.0,97.71
597,284,9,3,33.5,0.0,100.5
598,284,34,3,89.96,0.05,256.39
599,284,35,2,28.31,0.0,56.62
600,285,35,3,28.31,0.1,76.44
601,285,38,1,77.4,0.1,69.66
602,285,17,3,32.64,0.0,97.92
603,285,16,3,27.33,0.0,81.99
604,286,8,1,244.3,0.0,244.3
605,286,29,2,58.15,0.1,104.67
606,286,20,2,119.26,0.0,238.52
607,287,46,2,8.04,0.1,14.47
608,288,16,3,27.33,0.05,77.89
609,288,7,2,172.22,0.1,310.0
610,289,7,2,172.22,0.1,310.0
611,290,6,2,130.84,0.0,261.68
612,290,4,4,128.52,0.0,514.08
613,290,28,4,60.27,0.05,229.03
614,291,26,4,44.87,0.05,170.51
615,291,17,4,32.64,0.05,124.03
616,292,47,2,17.81,0.0,35.62
617,292,27,4,12.72,0.0,50.88
618,292,11,1,93.29,0.05,88.63
619,292,10,4,53.11,0.0,212.44
620,293,36,4,74.93,0.0,299.72
621,293,24,3,22.27,0.05,63.47
622,293,8,1,244.3,0.05,232.09
623,294,20,3,119.26,0.0,357.78
624,295,10,4,53.11,0.0,212.44
625,295,38,3,77.4,0.15,197.37
626,296,48,4,23.9,0.0,95.6
627,297,5,4,89.88,0.0,359.52
628,297,3,3,41.89,0.05,119.39
629,298,25,2,37.91,0.1,68.24
630,298,31,4,56.95,0.1,205.02
631,298,47,4,17.81,0.0,71.24
632,298,39,3,84.68,0.0,254.04
633,299,40,4,27.39,0.0,109.56
634,299,27,4,12.72,0.0,50.88
635,300,43,4,36.42,0.1,131.11
636,301,11,1,93.29,0.05,88.63
637,301,46,3,8.04,0.05,22.91
638,302,36,1,74.93,0.0,74.93
639,303,37,1,70.64,0.2,56.51
640,303,49,2,13.04,0.1,23.47
641,304,2,2,77.06,0.2,123.3
642,304,8,3,244.3,0.1,659.61
643,305,46,4,8.04,0.0,32.16
644,306,21,1,133.67,0.0,133.67
645,306,26,1,44.87,0.0,44.87
646,307,2,3,77.06,0.0,231.18
647,308,7,2,172.22,0.0,344.44
648,309,50,1,49.32,0.0,49.32
649,310,44,2,51.17,0.0,102.34
650,310,11,1,93.29,0.0,93.29
651,310,4,1,128.52,0.0,128.52
652,310,40,4,27.39,0.15,93.13
653,310,21,3,133.67,0.0,401.01
654,311,8,2,244.3,0.1,439.74
655,311,4,2,128.52,0.0,257.04
656,311,13,4,21.76,0.15,73.98
657,312,21,4,133.67,0.05,507.95
658,313,2,4,77.06,0.05,292.83
659,314,2,1,77.06,0.0,77.06
660,314,18,2,97.75,0.0,195.5
661,314,36,4,74.93,0.0,299.72
662,314,38,2,77.4,0.1,139.32
663,315,35,2,28.31,0.1,50.96
664,316,28,4,60.27,0.0,241.08
665,316,36,4,74.93,0.2,239.78
666,317,42,1,43.98,0.0,43.98
667,317,11,4,93.29,0.0,373.16
668,318,44,4,51.17,0.2,163.74
669,319,14,3,88.57,0.0,265.71
670,319,38,1,77.4,0.0,77.4
671,319,33,4,46.67,0.05,177.35
672,320,47,4,17.81,0.0,71.24
673,320,36,3,74.93,0.15,191.07
674,320,18,3,97.75,0.05,278.59
675,321,46,3,8.04,0.0,24.12
676,321,29,4,58.15,0.2,186.08
677,321,18,3,97.75,0.0,293.25
678,321,16,2,27.33,0.05,51.93
679,321,43,1,36.42,0.05,34.6
680,322,1,2,250.68,0.0,501.36
681,323,46,1,8.04,0.1,7.24
682,323,32,1,71.83,0.05,68.24
683,323,49,4,13.04,0.05,49.55
684,323,26,3,44.87,0.2,107.69
685,324,39,3,84.68,0.0,254.04
686,325,45,4,32.57,0.0,130.28
687,325,1,2,250.68,0.0,501.36
688,325,8,2,244.3,0.1,439.74
689,326,44,2,51.17,0.0,102.34
690,326,46,3,8.04,0.1,21.71
691,326,23,2,67.67,0.0,135.34
692,327,24,3,22.27,0.0,66.81
693,327,3,2,41.89,0.0,83.78
694,328,41,4,43.66,0.0,174.64
695,328,26,2,44.87,0.05,85.25
696,328,8,2,244.3,0.0,488.6
697,328,18,2,97.75,0.1,175.95
698,328,37,2,70.64,0.0,141.28
699,329,15,3,118.88,0.0,356.64
700,329,34,1,89.96,0.2,71.97
701,330,35,3,28.31,0.05,80.68
702,330,40,4,27.39,0.0,109.56
703,331,44,1,51.17,0.15,43.49
704,331,42,3,43.98,0.0,131.94
705,332,18,4,97.75,0.0,391.0
706,332,8,1,244.3,0.15,207.66
707,332,44,2,51.17,0.0,102.34
708,332,34,4,89.96,0.05,341.85
709,332,30,3,64.36,0.0,193.08
710,333,6,1,130.84,0.2,104.67
711,334,45,4,32.57,0.2,104.22
712,335,13,1,21.76,0.05,20.67
713,335,11,1,93.29,0.0,93.29
714,335,22,4,96.37,0.1,346.93
715,335,20,3,119.26,0.1,322.0
716,336,31,2,56.95,0.2,91.12
717,337,22,1,96.37,0.1,86.73
718,337,34,4,89.96,0.1,323.86
719,337,16,4,27.33,0.05,103.85
720,338,4,1,128.52,0.0,128.52
721,339,45,4,32.57,0.0,130.28
722,339,5,4,89.88,0.0,359.52
723,339,9,1,33.5,0.05,31.82
724,339,4,3,128.52,0.1,347.0
725,340,40,4,27.39,0.0,109.56
726,340,49,1,13.04,0.0,13.04
727,341,28,1,60.27,0.0,60.27
728,341,40,1,27.39,0.0,27.39
729,342,13,1,21.76,0.0,21.76
730,343,5,2,89.88,0.15,152.8
731,343,38,2,77.4,0.05,147.06
732,344,27,4,12.72,0.1,45.79
733,345,16,1,27.33,0.0,27.33
734,345,9,3,33.5,0.05,95.47
735,346,42,3,43.98,0.0,131.94
736,346,49,2,13.04,0.0,26.08
737,347,22,3,96.37,0.0,289.11
738,348,38,2,77.4,0.0,154.8
739,349,36,4,74.93,0.0,299.72
740,349,4,2,128.52,0.05,244.19
741,350,5,3,89.88,0.0,269.64
742,351,45,3,32.57,0.15,83.05
743,351,30,3,64.36,0.05,183.43
744,352,11,4,93.29,0.15,317.19
745,352,7,1,172.22,0.0,172.22
746,353,41,2,43.66,0.0,87.32
747,353,15,3,118.88,0.1,320.98
748,353,45,4,32.57,0.0,130.28
749,353,30,2,64.36,0.1,115.85
750,354,1,1,250.68,0.0,250.68
751,355,10,4,53.11,0.0,212.44
752,355,19,3,92.93,0.0,278.79
753,356,13,3,21.76,0.0,65.28
754,357,47,2,17.81,0.0,35.62
755,357,12,1,81.12,0.0,81.12
756,357,22,3,96.37,0.15,245.74
757,357,36,1,74.93,0.1,67.44
758,358,42,1,43.98,0.0,43.98
759,359,30,2,64.36,0.0,128.72
760,360,11,4,93.29,0.15,317.19
761,361,10,2,53.11,0.1,95.6
762,362,25,3,37.91,0.0,113.73
763,363,41,1,43.66,0.1,39.29
764,363,16,2,27.33,0.15,46.46
765,364,10,3,53.11,0.0,159.33
766,365,18,4,97.75,0.0,391.0
767,365,9,1,33.5,0.1,30.15
768,366,40,4,27.39,0.1,98.6
769,366,5,3,89.88,0.0,269.64
770,366,11,4,93.29,0.0,373.16
771,367,34,4,89.96,0.0,359.84
772,367,45,4,32.57,0.05,123.77
773,367,31,1,56.95,0.0,56.95
774,368,29,3,58.15,0.0,174.45
775,368,16,4,27.33,0.05,103.85
776,368,26,3,44.87,0.0,134.61
777,368,14,1,88.57,0.0,88.57
778,369,29,3,58.15,0.0,174.45
779,370,33,3,46.67,0.0,140.01
780,371,27,4,12.72,0.0,50.88
781,371,24,4,22.27,0.0,89.08
782,372,17,1,32.64,0.0,32.64
783,372,42,1,43.98,0.0,43.98
784,373,35,1,28.31,0.1,25.48
785,373,42,2,43.98,0.0,87.96
786,374,3,2,41.89,0.0,83.78
787,375,17,3,32.64,0.0,97.92
788,375,20,2,119.26,0.2,190.82
789,376,48,1,23.9,0.1,21.51
790,376,35,3,28.31,0.1,76.44
791,376,17,4,32.64,0.15,110.98
792,377,49,4,13.04,0.05,49.55
793,377,42,2,43.98,0.15,74.77
794,377,1,2,250.68,0.0,501.36
795,378,31,4,56.95,0.1,205.02
796,378,15,4,118.88,0.0,475.52
797,378,34,1,89.96,0.0,89.96
798,379,50,4,49.32,0.0,197.28
799,380,36,3,74.93,0.0,224.79
800,380,2,2,77.06,0.0,154.12
801,381,32,3,71.83,0.0,215.49
802,381,43,4,36.42,0.05,138.4
803,381,23,4,67.67,0.1,243.61
804,382,20,1,119.26,0.05,113.3
805,382,21,1,133.67,0.15,113.62
806,383,22,4,96.37,0.2,308.38
807,384,26,1,44.87,0.05,42.63
808,385,7,3,172.22,0.05,490.83
809,386,20,2,119.26,0.0,238.52
810,386,6,2,130.84,0.0,261.68
811,387,32,2,71.83,0.0,143.66
812,387,2,4,77.06,0.0,308.24
813,388,43,1,36.42,0.0,36.42
814,389,1,2,250.68,0.0,501.36
815,390,26,4,44.87,0.0,179.48
816,390,11,1,93.29,0.0,93.29
817,390,8,2,244.3,0.0,488.6
818,390,9,2,33.5,0.0,67.0
819,391,43,3,36.42,0.05,103.8
820,391,31,4,56.95,0.0,227.8
821,391,11,1,93.29,0.2,74.63
822,392,26,2,44.87,0.05,85.25
823,392,39,4,84.68,0.0,338.72
824,393,48,3,23.9,0.05,68.11
825,393,6,4,130.84,0.0,523.36
826,394,20,2,119.26,0.0,238.52
827,394,26,2,44.87,0.15,76.28
828,394,40,4,27.39,0.0,109.56
829,395,12,4,81.12,0.05,308.26
830,395,45,1,32.57,0.0,32.57
831,395,37,2,70.64,0.0,141.28
832,395,7,3,172.22,0.05,490.83
833,396,47,2,17.81,0.15,30.28
834,397,49,1,13.04,0.2,10.43
835,397,36,1,74.93,0.1,67.44
836,398,50,4,49.32,0.0,197.28
837,398,21,3,133.67,0.0,401.01
838,399,2,1,77.06,0.05,73.21
839,400,30,3,64.36,0.1,173.77
840,400,25,2,37.91,0.0,75.82
841,401,8,2,244.3,0.0,488.6
842,402,32,1,71.83,0.05,68.24
843,402,30,2,64.36,0.1,115.85
844,402,5,4,89.88,0.0,359.52
845,403,11,1,93.29,0.0,93.29
846,403,2,1,77.06,0.05,73.21
847,403,39,4,84.68,0.0,338.72
848,404,1,3,250.68,0.0,752.04
849,404,44,3,51.17,0.0,153.51
850,405,44,4,51.17,0.05,194.45
851,405,35,1,28.31,0.0,28.31
852,405,14,3,88.57,0.0,265.71
853,406,4,4,128.52,0.1,462.67
854,406,50,2,49.32,0.0,98.64
855,407,6,1,130.84,0.0,130.84
856,408,22,2,96.37,0.2,154.19
857,408,13,1,21.76,0.1,19.58
858,408,44,2,51.17,0.1,92.11
859,408,43,1,36.42,0.0,36.42
860,408,5,1,89.88,0.1,80.89
861,409,41,2,43.66,0.05,82.95
862,410,26,2,44.87,0.0,89.74
863,410,28,3,60.27,0.0,180.81
864,410,8,4,244.3,0.05,928.34
865,410,15,1,118.88,0.0,118.88
866,411,5,3,89.88,0.05,256.16
867,411,43,3,36.42,0.0,109.26
868,412,27,4,12.72,0.2,40.7
869,412,20,1,119.26,0.1,107.33
870,412,50,2,49.32,0.0,98.64
871,412,39,1,84.68,0.05,80.45
872,413,45,3,32.57,0.0,97.71
873,413,25,3,37.91,0.2,90.98
874,413,44,4,51.17,0.0,204.68
875,413,50,1,49.32,0.05,46.85
876,413,9,4,33.5,0.0,134.0
877,414,15,1,118.88,0.0,118.88
878,414,33,1,46.67,0.0,46.67
879,415,49,1,13.04,0.0,13.04
880,415,16,3,27.33,0.0,81.99
881,415,40,2,27.39,0.0,54.78
882,416,3,2,41.89,0.15,71.21
883,417,29,3,58.15,0.0,174.45
884,417,48,3,23.9,0.05,68.11
885,418,34,3,89.96,0.1,242.89
886,418,27,2,12.72,0.1,22.9
887,418,42,3,43.98,0.0,131.94
888,419,4,2,128.52,0.1,231.34
889,420,15,4,118.88,0.05,451.74
890,420,39,2,84.68,0.0,169.36
891,421,32,1,71.83,0.2,57.46
892,422,10,2,53.11,0.0,106.22
893,423,36,2,74.93,0.0,149.86
894,424,47,4,17.81,0.0,71.24
895,425,16,2,27.33,0.0,54.66
896,425,28,4,60.27,0.2,192.86
897,425,12,2,81.12,0.0,162.24
898,426,6,4,130.84,0.0,523.36
899,426,24,4,22.27,0.0,89.08
900,426,26,4,44.87,0.1,161.53
901,427,31,4,56.95,0.0,227.8
902,427,2,1,77.06,0.1,69.35
903,427,49,3,13.04,0.05,37.16
904,428,47,2,17.81,0.0,35.62
905,429,30,4,64.36,0.05,244.57
906,429,19,4,92.93,0.0,371.72
907,430,31,2,56.95,0.0,113.9
908,431,1,3,250.68,0.0,752.04
909,432,26,4,44.87,0.0,179.48
910,432,48,1,23.9,0.0,23.9
911,432,24,1,22.27,0.2,17.82
912,432,25,1,37.91,0.0,37.91
913,433,13,4,21.76,0.2,69.63
914,433,49,3,13.04,0.05,37.16
915,434,45,1,32.57,0.05,30.94
916,434,24,4,22.27,0.1,80.17
917,435,3,3,41.89,0.05,119.39
918,436,45,2,32.57,0.0,65.14
919,436,43,4,36.42,0.15,123.83
920,437,16,2,27.33,0.0,54.66
921,438,42,4,43.98,0.1,158.33
922,438,46,1,8.04,0.05,7.64
923,438,25,2,37.91,0.15,64.45
924,439,28,3,60.27,0.05,171.77
925,440,35,4,28.31,0.05,107.58
926,440,43,4,36.42,0.1,131.11
927,441,6,3,130.84,0.1,353.27
928,441,7,3,172.22,0.1,464.99
929,441,41,4,43.66,0.05,165.91
930,441,37,1,70.64,0.2,56.51
931,442,1,4,250.68,0.05,952.58
932,442,7,3,172.22,0.1,464.99
933,442,5,2,89.88,0.0,179.76
934,443,9,2,33.5,0.0,67.0
935,444,8,2,244.3,0.0,488.6
936,444,29,1,58.15,0.1,52.34
937,445,13,4,21.76,0.05,82.69
938,445,17,1,32.64,0.15,27.74
939,445,27,2,12.72,0.0,25.44
940,446,8,3,244.3,0.0,732.9
941,447,16,4,27.33,0.0,109.32
942,448,1,1,250.68,0.05,238.15
943,448,4,1,128.52,0.0,128.52
944,448,18,1,97.75,0.0,97.75
945,449,49,4,13.04,0.0,52.16
946,449,18,3,97.75,0.05,278.59
947,450,44,3,51.17,0.2,122.81
948,451,24,4,22.27,0.05,84.63
949,451,43,3,36.42,0.15,92.87
950,451,26,1,44.87,0.0,44.87
951,452,26,1,44.87,0.15,38.14
952,452,47,3,17.81,0.2,42.74
953,452,9,2,33.5,0.0,67.0
954,452,2,4,77.06,0.05,292.83
955,453,1,3,250.68,0.0,752.04
956,453,41,3,43.66,0.15,111.33
957,454,48,4,23.9,0.0,95.6
958,454,21,1,133.67,0.0,133.67
959,454,44,4,51.17,0.2,163.74
960,454,29,1,58.15,0.1,52.34
961,454,15,3,118.88,0.05,338.81
962,455,34,1,89.96,0.0,89.96
963,455,37,1,70.64,0.0,70.64
964,455,46,4,8.04,0.0,32.16
965,456,8,2,244.3,0.0,488.6
966,456,31,2,56.95,0.1,102.51
967,457,6,4,130.84,0.2,418.69
968,457,7,1,172.22,0.0,172.22
969,458,25,3,37.91,0.05,108.04
970,458,50,1,49.32,0.05,46.85
971,458,18,4,97.75,0.0,391.0
972,458,15,3,118.88,0.15,303.14
973,459,50,3,49.32,0.0,147.96
974,459,39,4,84.68,0.05,321.78
975,459,5,4,89.88,0.1,323.57
976,459,42,2,43.98,0.0,87.96
977,460,8,1,244.3,0.0,244.3
978,461,13,1,21.76,0.05,20.67
979,461,48,2,23.9,0.15,40.63
980,462,37,2,70.64,0.1,127.15
981,462,48,4,23.9,0.0,95.6
982,462,1,3,250.68,0.1,676.84
983,462,20,2,119.26,0.05,226.59
984,462,4,2,128.52,0.0,257.04
985,463,30,3,64.36,0.0,193.08
986,464,15,2,118.88,0.05,225.87
987,464,32,2,71.83,0.1,129.29
988,464,44,1,51.17,0.05,48.61
989,464,30,3,64.36,0.05,183.43
990,465,18,4,97.75,0.05,371.45
991,465,46,2,8.04,0.0,16.08
992,466,25,2,37.91,0.1,68.24
993,466,4,2,128.52,0.1,231.34
994,466,22,2,96.37,0.1,173.47
995,467,50,2,49.32,0.15,83.84
996,468,20,1,119.26,0.05,113.3
997,468,43,3,36.42,0.0,109.26
998,468,11,4,93.29,0.2,298.53
999,469,26,3,44.87,0.0,134.61
1000,469,5,2,89.88,0.1,161.78
1001,469,34,4,89.96,0.0,359.84
1002,470,38,1,77.4,0.1,69.66
1003,471,30,2,64.36,0.0,128.72
1004,471,42,4,43.98,0.0,175.92
1005,471,11,2,93.29,0.0,186.58
1006,472,13,1,21.76,0.0,21.76
1007,472,48,1,23.9,0.05,22.7
1008,472,42,2,43.98,0.0,87.96
1009,473,44,4,51.17,0.0,204.68
1010,473,11,1,93.29,0.0,93.29
1011,473,4,3,128.52,0.05,366.28
1012,473,7,2,172.22,0.05,327.22
1013,473,23,4,67.67,0.0,270.68
1014,474,26,4,44.87,0.0,179.48
1015,475,12,4,81.12,0.1,292.03
1016,475,42,1,43.98,0.1,39.58
1017,476,42,4,43.98,0.0,175.92
1018,476,25,1,37.91,0.0,37.91
1019,476,18,1,97.75,0.0,97.75
1020,476,41,2,43.66,0.0,87.32
1021,477,37,3,70.64,0.05,201.32
1022,477,31,1,56.95,0.1,51.26
1023,478,31,4,56.95,0.0,227.8
1024,479,21,1,133.67,0.1,120.3
1025,480,35,1,28.31,0.0,28.31
1026,480,12,4,81.12,0.0,324.48
1027,480,26,1,44.87,0.1,40.38
1028,480,45,2,32.57,0.2,52.11
1029,481,12,4,81.12,0.1,292.03
1030,481,39,1,84.68,0.0,84.68
1031,481,45,2,32.57,0.05,61.88
1032,481,1,1,250.68,0.05,238.15
1033,482,3,3,41.89,0.0,125.67
1034,482,6,2,130.84,0.0,261.68
1035,482,8,1,244.3,0.0,244.3
1036,482,33,1,46.67,0.15,39.67
1037,483,19,4,92.93,0.0,371.72
1038,483,43,4,36.42,0.05,138.4
1039,484,23,2,67.67,0.05,128.57
1040,484,39,1,84.68,0.0,84.68
1041,485,20,2,119.26,0.2,190.82
1042,486,14,3,88.57,0.0,265.71
1043,486,38,4,77.4,0.0,309.6
1044,487,25,2,37.91,0.0,75.82
1045,488,17,4,32.64,0.15,110.98
1046,489,14,1,88.57,0.05,84.14
1047,490,41,2,43.66,0.1,78.59
1048,491,42,2,43.98,0.0,87.96
1049,491,33,2,46.67,0.0,93.34
1050,492,25,2,37.91,0.0,75.82
1051,492,2,1,77.06,0.05,73.21
1052,492,39,4,84.68,0.0,338.72
1053,493,24,3,22.27,0.0,66.81
1054,493,22,2,96.37,0.0,192.74
1055,494,15,4,118.88,0.2,380.42
1056,495,8,3,244.3,0.05,696.26
1057,495,12,4,81.12,0.0,324.48
1058,495,34,3,89.96,0.1,242.89
1059,496,36,1,74.93,0.0,74.93
1060,496,18,4,97.75,0.0,391.0
1061,496,39,4,84.68,0.0,338.72
1062,496,7,2,172.22,0.0,344.44
1063,497,46,2,8.04,0.0,16.08
1064,497,10,3,53.11,0.0,159.33
1065,498,24,2,22.27,0.05,42.31
1066,498,46,4,8.04,0.1,28.94
1067,498,50,2,49.32,0.0,98.64
1068,499,30,3,64.36,0.0,193.08
1069,500,46,3,8.04,0.05,22.91
1070,500,15,1,118.88,0.15,101.05
1071,501,21,1,133.67,0.0,133.67
1072,501,6,2,130.84,0.15,222.43
1073,502,4,1,128.52,0.1,115.67
1074,503,32,4,71.83,0.05,272.95
1075,503,1,2,250.68,0.0,501.36
1076,504,44,1,51.17,0.0,51.17
1077,504,35,2,28.31,0.15,48.13
1078,505,46,3,8.04,0.0,24.12
1079,505,28,1,60.27,0.05,57.26
1080,505,45,2,32.57,0.05,61.88
1081,506,34,3,89.96,0.1,242.89
1082,506,15,3,118.88,0.2,285.31
1083,506,12,4,81.12,0.0,324.48
1084,506,5,2,89.88,0.0,179.76
1085,507,44,2,51.17,0.1,92.11
1086,508,8,3,244.3,0.0,732.9
1087,508,19,1,92.93,0.1,83.64
1088,508,20,4,119.26,0.0,477.04
1089,508,31,3,56.95,0.15,145.22
1090,509,33,1,46.67,0.0,46.67
1091,509,3,4,41.89,0.0,167.56
1092,509,30,3,64.36,0.0,193.08
1093,509,40,3,27.39,0.15,69.84
1094,509,32,2,71.83,0.0,143.66
1095,510,28,4,60.27,0.0,241.08
1096,511,10,1,53.11,0.15,45.14
1097,511,27,1,12.72,0.0,12.72
1098,512,15,4,118.88,0.0,475.52
1099,512,31,3,56.95,0.0,170.85
1100,513,18,1,97.75,0.2,78.2
1101,514,29,2,58.15,0.0,116.3
1102,514,11,4,93.29,0.0,373.16
1103,515,46,1,8.04,0.0,8.04
1104,515,13,4,21.76,0.1,78.34
1105,515,8,1,244.3,0.0,244.3
1106,515,19,2,92.93,0.15,157.98
1107,516,18,4,97.75,0.1,351.9
1108,516,8,2,244.3,0.0,488.6
1109,516,27,4,12.72,0.05,48.34
1110,516,32,4,71.83,0.0,287.32
1111,516,36,1,74.93,0.1,67.44
1112,517,23,1,67.67,0.1,60.9
1113,518,44,3,51.17,0.0,153.51
1114,519,1,4,250.68,0.0,1002.72
1115,519,28,4,60.27,0.0,241.08
1116,520,40,2,27.39,0.0,54.78
1117,520,10,1,53.11,0.15,45.14
1118,521,16,1,27.33,0.1,24.6
1119,521,43,2,36.42,0.0,72.84
1120,521,28,2,60.27,0.0,120.54
1121,521,13,2,21.76,0.0,43.52
1122,521,31,3,56.95,0.2,136.68
1123,522,28,1,60.27,0.15,51.23
1124,522,2,4,77.06,0.0,308.24
1125,522,40,3,27.39,0.1,73.95
1126,522,13,2,21.76,0.0,43.52
1127,523,4,4,128.52,0.05,488.38
1128,523,33,3,46.67,0.0,140.01
1129,524,23,4,67.67,0.0,270.68
1130,525,12,3,81.12,0.0,243.36
1131,525,3,4,41.89,0.0,167.56
1132,525,1,1,250.68,0.0,250.68
1133,525,4,3,128.52,0.15,327.73
1134,526,20,1,119.26,0.0,119.26
1135,527,36,2,74.93,0.0,149.86
1136,528,24,3,22.27,0.0,66.81
1137,528,48,3,23.9,0.0,71.7
1138,528,50,4,49.32,0.0,197.28
1139,529,41,1,43.66,0.0,43.66
1140,530,42,1,43.98,0.15,37.38
1141,530,13,3,21.76,0.0,65.28
1142,530,46,4,8.04,0.2,25.73
1143,530,29,2,58.15,0.05,110.48
1144,530,7,2,172.22,0.0,344.44
1145,531,36,3,74.93,0.15,191.07
1146,532,36,4,74.93,0.05,284.73
1147,532,23,1,67.67,0.15,57.52
1148,532,24,1,22.27,0.0,22.27
1149,533,33,2,46.67,0.05,88.67
1150,533,2,2,77.06,0.0,154.12
1151,534,4,4,128.52,0.05,488.38
1152,534,45,1,32.57,0.0,32.57
1153,534,13,4,21.76,0.05,82.69
1154,534,48,4,23.9,0.0,95.6
1155,534,26,3,44.87,0.0,134.61
1156,535,37,2,70.64,0.05,134.22
1157,536,33,4,46.67,0.05,177.35
1158,537,17,3,32.64,0.1,88.13
1159,537,20,1,119.26,0.0,119.26
1160,537,15,1,118.88,0.05,112.94
1161,538,41,2,43.66,0.15,74.22
1162,539,9,3,33.5,0.15,85.42
1163,540,16,2,27.33,0.05,51.93
1164,541,23,3,67.67,0.0,203.01
1165,542,36,4,74.93,0.15,254.76
1166,542,17,3,32.64,0.0,97.92
1167,542,47,1,17.81,0.05,16.92
1168,542,9,1,33.5,0.1,30.15
1169,543,18,2,97.75,0.0,195.5
1170,544,43,1,36.42,0.1,32.78
1171,545,42,2,43.98,0.1,79.16
1172,545,17,2,32.64,0.0,65.28
1173,546,41,4,43.66,0.0,174.64
1174,547,47,4,17.81,0.0,71.24
1175,548,6,2,130.84,0.1,235.51
1176,548,32,2,71.83,0.0,143.66
1177,548,12,4,81.12,0.15,275.81
1178,548,30,2,64.36,0.05,122.28
1179,549,11,2,93.29,0.1,167.92
1180,550,13,2,21.76,0.0,43.52
1181,550,5,2,89.88,0.0,179.76
1182,551,26,2,44.87,0.1,80.77
1183,551,7,1,172.22,0.05,163.61
1184,552,2,1,77.06,0.1,69.35
1185,553,42,2,43.98,0.1,79.16
1186,553,3,3,41.89,0.0,125.67
1187,553,9,1,33.5,0.1,30.15
1188,554,7,3,172.22,0.15,439.16
1189,555,9,4,33.5,0.1,120.6
1190,556,11,2,93.29,0.0,186.58
1191,556,20,3,119.26,0.05,339.89
1192,556,22,1,96.37,0.0,96.37
1193,556,31,1,56.95,0.0,56.95
1194,557,33,4,46.67,0.0,186.68
1195,558,2,2,77.06,0.0,154.12
1196,558,15,3,118.88,0.0,356.64
1197,558,28,4,60.27,0.05,229.03
1198,558,25,1,37.91,0.0,37.91
1199,559,15,3,118.88,0.0,356.64
1200,559,7,1,172.22,0.15,146.39
1201,559,19,2,92.93,0.0,185.86
1202,559,23,3,67.67,0.05,192.86
1203,559,5,4,89.88,0.0,359.52
1204,560,20,3,119.26,0.0,357.78
1205,560,40,1,27.39,0.0,27.39
1206,561,24,1,22.27,0.1,20.04
1207,561,17,2,32.64,0.1,58.75
1208,562,10,4,53.11,0.0,212.44
1209,563,31,4,56.95,0.2,182.24
1210,563,5,3,89.88,0.0,269.64
1211,563,8,3,244.3,0.2,586.32
1212,564,25,3,37.91,0.0,113.73
1213,565,45,3,32.57,0.0,97.71
1214,565,27,2,12.72,0.0,25.44
1215,566,35,2,28.31,0.0,56.62
1216,566,32,4,71.83,0.05,272.95
1217,567,48,1,23.9,0.0,23.9
1218,567,15,1,118.88,0.0,118.88
1219,567,45,1,32.57,0.0,32.57
1220,568,9,1,33.5,0.15,28.47
1221,568,8,3,244.3,0.1,659.61
1222,569,9,4,33.5,0.0,134.0
1223,569,19,2,92.93,0.0,185.86
1224,569,30,2,64.36,0.0,128.72
1225,569,10,2,53.11,0.0,106.22
1226,570,28,3,60.27,0.0,180.81
1227,571,38,1,77.4,0.0,77.4
1228,572,11,2,93.29,0.0,186.58
1229,572,2,1,77.06,0.0,77.06
1230,573,27,2,12.72,0.1,22.9
1231,574,9,3,33.5,0.0,100.5
1232,574,48,3,23.9,0.0,71.7
1233,575,1,1,250.68,0.0,250.68
1234,575,19,1,92.93,0.05,88.28
1235,576,11,1,93.29,0.0,93.29
1236,577,30,3,64.36,0.15,164.12
1237,577,36,3,74.93,0.1,202.31
1238,578,11,1,93.29,0.05,88.63
1239,578,18,2,97.75,0.1,175.95
1240,579,4,4,128.52,0.0,514.08
1241,579,15,1,118.88,0.1,106.99
1242,580,21,4,133.67,0.1,481.21
1243,580,42,2,43.98,0.0,87.96
1244,581,28,2,60.27,0.0,120.54
1245,582,24,3,22.27,0.0,66.81
1246,583,35,1,28.31,0.0,28.31
1247,584,49,2,13.04,0.05,24.78
1248,584,20,1,119.26,0.0,119.26
1249,585,37,1,70.64,0.05,67.11
1250,586,3,1,41.89,0.15,35.61
1251,586,4,1,128.52,0.2,102.82
1252,586,21,3,133.67,0.2,320.81
1253,587,21,4,133.67,0.1,481.21
1254,587,49,2,13.04,0.1,23.47
1255,588,27,1,12.72,0.05,12.08
1256,589,2,4,77.06,0.05,292.83
1257,589,38,1,77.4,0.0,77.4
1258,589,25,2,37.91,0.05,72.03
1259,590,41,1,43.66,0.2,34.93
1260,591,14,2,88.57,0.1,159.43
1261,592,33,3,46.67,0.0,140.01
1262,593,19,3,92.93,0.05,264.85
1263,594,3,4,41.89,0.0,167.56
1264,594,46,1,8.04,0.2,6.43
1265,594,50,4,49.32,0.0,197.28
1266,594,44,1,51.17,0.0,51.17
1267,595,36,4,74.93,0.0,299.72
1268,595,6,3,130.84,0.0,392.52
1269,595,32,3,71.83,0.05,204.72
1270,595,7,3,172.22,0.0,516.66
1271,596,50,4,49.32,0.0,197.28
1272,597,17,4,32.64,0.05,124.03
1273,597,49,2,13.04,0.15,22.17
1274,598,32,4,71.83,0.15,244.22
1275,598,3,2,41.89,0.0,83.78
1276,598,24,3,22.27,0.0,66.81
1277,598,19,4,92.93,0.05,353.13
1278,598,26,3,44.87,0.15,114.42
1279,599,3,2,41.89,0.05,79.59
1280,599,40,1,27.39,0.0,27.39
1281,599,42,1,43.98,0.0,43.98
1282,599,4,2,128.52,0.05,244.19
1283,599,48,1,23.9,0.0,23.9
1284,600,43,4,36.42,0.05,138.4
1285,600,6,4,130.84,0.0,523.36
1286,600,23,2,67.67,0.1,121.81
1287,600,30,4,64.36,0.1,231.7
1288,601,22,1,96.37,0.0,96.37
1289,602,32,1,71.83,0.0,71.83
1290,602,14,1,88.57,0.05,84.14
1291,602,45,4,32.57,0.0,130.28
1292,602,48,2,23.9,0.0,47.8
1293,602,31,1,56.95,0.2,45.56
1294,603,4,4,128.52,0.0,514.08
1295,603,24,2,22.27,0.15,37.86
1296,603,28,4,60.27,0.0,241.08
1297,604,6,1,130.84,0.0,130.84
1298,604,10,1,53.11,0.0,53.11
1299,605,27,3,12.72,0.0,38.16
1300,605,34,1,89.96,0.0,89.96
1301,605,14,4,88.57,0.0,354.28
1302,606,11,4,93.29,0.0,373.16
1303,606,13,2,21.76,0.2,34.82
1304,606,23,4,67.67,0.0,270.68
1305,607,25,2,37.91,0.0,75.82
1306,607,1,2,250.68,0.0,501.36
1307,608,47,4,17.81,0.15,60.55
1308,608,48,4,23.9,0.15,81.26
1309,608,21,1,133.67,0.1,120.3
1310,608,1,4,250.68,0.0,1002.72
1311,608,10,1,53.11,0.2,42.49
1312,609,9,1,33.5,0.0,33.5
1313,609,41,2,43.66,0.0,87.32
1314,609,29,2,58.15,0.05,110.48
1315,609,38,2,77.4,0.0,154.8
1316,610,44,3,51.17,0.15,130.48
1317,610,37,1,70.64,0.05,67.11
1318,610,1,4,250.68,0.0,1002.72
1319,610,24,3,22.27,0.0,66.81
1320,610,2,4,77.06,0.05,292.83
1321,611,8,4,244.3,0.0,977.2
1322,611,12,2,81.12,0.05,154.13
1323,611,30,4,64.36,0.0,257.44
1324,612,44,3,51.17,0.1,138.16
1325,612,28,1,60.27,0.2,48.22
1326,613,7,1,172.22,0.05,163.61
1327,613,6,4,130.84,0.0,523.36
1328,613,42,1,43.98,0.05,41.78
1329,614,3,3,41.89,0.15,106.82
1330,614,43,2,36.42,0.0,72.84
1331,615,25,2,37.91,0.15,64.45
1332,615,8,1,244.3,0.0,244.3
1333,616,30,4,64.36,0.0,257.44
1334,616,27,3,12.72,0.1,34.34
1335,616,42,3,43.98,0.0,131.94
1336,617,20,2,119.26,0.0,238.52
1337,617,27,4,12.72,0.0,50.88
1338,618,24,3,22.27,0.0,66.81
1339,619,28,4,60.27,0.1,216.97
1340,619,16,4,27.33,0.0,109.32
1341,619,36,4,74.93,0.2,239.78
1342,619,26,2,44.87,0.0,89.74
1343,619,13,3,21.76,0.05,62.02
1344,620,7,2,172.22,0.05,327.22
1345,620,46,4,8.04,0.1,28.94
1346,621,17,2,32.64,0.15,55.49
1347,621,36,2,74.93,0.0,149.86
1348,622,1,2,250.68,0.0,501.36
1349,623,6,1,130.84,0.1,117.76
1350,623,37,2,70.64,0.2,113.02
1351,623,25,3,37.91,0.0,113.73
1352,624,15,2,118.88,0.05,225.87
1353,624,20,2,119.26,0.1,214.67
1354,625,25,1,37.91,0.0,37.91
1355,625,50,2,49.32,0.05,93.71
1356,625,17,1,32.64,0.0,32.64
1357,626,8,3,244.3,0.15,622.97
1358,626,7,1,172.22,0.0,172.22
1359,626,10,3,53.11,0.15,135.43
1360,626,19,2,92.93,0.0,185.86
1361,627,2,1,77.06,0.0,77.06
1362,627,27,1,12.72,0.0,12.72
1363,628,21,4,133.67,0.1,481.21
1364,628,41,2,43.66,0.0,87.32
1365,629,43,1,36.42,0.0,36.42
1366,629,37,3,70.64,0.2,169.54
1367,629,41,4,43.66,0.2,139.71
1368,629,39,1,84.68,0.0,84.68
1369,630,8,1,244.3,0.05,232.09
1370,630,13,2,21.76,0.0,43.52
1371,630,39,3,84.68,0.0,254.04
1372,631,21,2,133.67,0.0,267.34
1373,632,9,2,33.5,0.2,53.6
1374,632,18,3,97.75,0.1,263.93
1375,632,31,3,56.95,0.0,170.85
1376,633,28,2,60.27,0.0,120.54
1377,633,33,2,46.67,0.05,88.67
1378,633,26,3,44.87,0.2,107.69
1379,634,50,3,49.32,0.0,147.96
1380,635,47,4,17.81,0.0,71.24
1381,636,39,3,84.68,0.1,228.64
1382,636,48,1,23.9,0.05,22.7
1383,637,37,3,70.64,0.15,180.13
1384,637,23,1,67.67,0.0,67.67
1385,638,33,3,46.67,0.05,133.01
1386,638,17,3,32.64,0.0,97.92
1387,638,38,1,77.4,0.0,77.4
1388,638,27,3,12.72,0.0,38.16
1389,639,16,1,27.33,0.0,27.33
1390,640,10,3,53.11,0.0,159.33
1391,641,1,3,250.68,0.0,752.04
1392,642,21,1,133.67,0.0,133.67
1393,642,15,2,118.88,0.05,225.87
1394,643,18,1,97.75,0.05,92.86
1395,644,44,4,51.17,0.0,204.68
1396,644,49,3,13.04,0.0,39.12
1397,645,32,4,71.83,0.0,287.32
1398,646,8,1,244.3,0.0,244.3
1399,647,38,2,77.4,0.05,147.06
1400,647,25,3,37.91,0.0,113.73
1401,648,37,3,70.64,0.0,211.92
1402,648,1,4,250.68,0.0,1002.72
1403,648,30,1,64.36,0.0,64.36
1404,649,31,1,56.95,0.1,51.26
1405,650,20,3,119.26,0.1,322.0
1406,650,18,4,97.75,0.0,391.0
1407,651,32,4,71.83,0.0,287.32
1408,651,40,4,27.39,0.0,109.56
1409,651,4,1,128.52,0.1,115.67
1410,652,7,1,172.22,0.0,172.22
1411,652,2,3,77.06,0.15,196.5
1412,652,15,4,118.88,0.0,475.52
1413,652,4,1,128.52,0.0,128.52
1414,653,24,1,22.27,0.0,22.27
1415,653,35,1,28.31,0.0,28.31
1416,653,1,3,250.68,0.0,752.04
1417,653,45,3,32.57,0.05,92.82
1418,654,25,2,37.91,0.15,64.45
1419,654,18,4,97.75,0.0,391.0
1420,654,45,3,32.57,0.15,83.05
1421,655,27,1,12.72,0.05,12.08
1422,655,41,2,43.66,0.05,82.95
1423,655,29,4,58.15,0.2,186.08
1424,656,47,4,17.81,0.0,71.24
1425,657,19,1,92.93,0.0,92.93
1426,658,16,2,27.33,0.05,51.93
1427,658,43,1,36.42,0.2,29.14
1428,658,42,1,43.98,0.0,43.98
1429,659,30,2,64.36,0.0,128.72
1430,659,25,3,37.91,0.0,113.73
1431,660,34,3,89.96,0.1,242.89
1432,660,33,3,46.67,0.1,126.01
1433,661,33,2,46.67,0.0,93.34
1434,661,7,3,172.22,0.0,516.66
1435,662,40,2,27.39,0.1,49.3
1436,662,33,2,46.67,0.0,93.34
1437,663,44,1,51.17,0.0,51.17
1438,663,20,1,119.26,0.1,107.33
1439,664,30,2,64.36,0.0,128.72
1440,665,34,3,89.96,0.0,269.88
1441,665,29,1,58.15,0.0,58.15
1442,666,26,4,44.87,0.05,170.51
1443,667,18,3,97.75,0.0,293.25
1444,668,47,2,17.81,0.0,35.62
1445,668,28,4,60.27,0.0,241.08
1446,669,39,4,84.68,0.05,321.78
1447,670,4,2,128.52,0.2,205.63
1448,671,4,1,128.52,0.05,122.09
1449,672,35,1,28.31,0.0,28.31
1450,673,45,2,32.57,0.1,58.63
1451,673,46,3,8.04,0.0,24.12
1452,673,26,2,44.87,0.1,80.77
1453,673,7,3,172.22,0.05,490.83
1454,674,19,1,92.93,0.0,92.93
1455,674,47,4,17.81,0.1,64.12
1456,674,1,2,250.68,0.0,501.36
1457,675,11,3,93.29,0.15,237.89
1458,675,12,2,81.12,0.2,129.79
1459,676,28,1,60.27,0.0,60.27
1460,676,22,3,96.37,0.15,245.74
1461,677,49,1,13.04,0.05,12.39
1462,678,38,1,77.4,0.0,77.4
1463,678,1,1,250.68,0.05,238.15
1464,678,32,3,71.83,0.1,193.94
1465,678,16,2,27.33,0.1,49.19
1466,678,31,1,56.95,0.0,56.95
1467,679,22,3,96.37,0.2,231.29
1468,679,29,3,58.15,0.05,165.73
1469,679,32,3,71.83,0.0,215.49
1470,680,23,3,67.67,0.1,182.71
1471,681,50,1,49.32,0.0,49.32
1472,681,43,1,36.42,0.0,36.42
1473,681,39,4,84.68,0.15,287.91
1474,681,31,2,56.95,0.0,113.9
1475,682,37,4,70.64,0.0,282.56
1476,683,13,1,21.76,0.2,17.41
1477,683,25,4,37.91,0.2,121.31
1478,683,41,2,43.66,0.0,87.32
1479,684,22,4,96.37,0.15,327.66
1480,684,26,3,44.87,0.0,134.61
1481,685,34,3,89.96,0.1,242.89
1482,686,30,3,64.36,0.0,193.08
1483,687,32,3,71.83,0.05,204.72
1484,687,44,2,51.17,0.0,102.34
1485,687,10,3,53.11,0.0,159.33
1486,687,30,3,64.36,0.0,193.08
1487,687,34,1,89.96,0.0,89.96
1488,688,8,3,244.3,0.0,732.9
1489,688,4,3,128.52,0.05,366.28
1490,688,32,1,71.83,0.0,71.83
1491,689,19,2,92.93,0.2,148.69
1492,690,10,4,53.11,0.05,201.82
1493,690,47,1,17.81,0.0,17.81
1494,690,13,1,21.76,0.0,21.76
1495,691,44,4,51.17,0.0,204.68
1496,692,7,4,172.22,0.05,654.44
1497,692,17,3,32.64,0.1,88.13
1498,692,20,2,119.26,0.05,226.59
1499,692,39,2,84.68,0.0,169.36
1500,692,12,4,81.12,0.05,308.26
1501,693,6,3,130.84,0.05,372.89
1502,694,35,4,28.31,0.1,101.92
1503,694,12,4,81.12,0.0,324.48
1504,695,45,3,32.57,0.0,97.71
1505,695,21,4,133.67,0.0,534.68
1506,696,30,1,64.36,0.1,57.92
1507,696,2,3,77.06,0.1,208.06
1508,696,36,3,74.93,0.0,224.79
1509,696,50,3,49.32,0.0,147.96
1510,696,27,4,12.72,0.0,50.88
1511,697,30,4,64.36,0.1,231.7
1512,697,49,1,13.04,0.0,13.04
1513,698,42,1,43.98,0.1,39.58
1514,698,7,4,172.22,0.05,654.44
1515,698,22,1,96.37,0.0,96.37
1516,699,33,1,46.67,0.1,42.0
1517,699,48,2,23.9,0.05,45.41
1518,700,9,3,33.5,0.05,95.47
1519,700,15,1,118.88,0.1,106.99
1520,700,44,2,51.17,0.0,102.34
1521,700,41,1,43.66,0.0,43.66
1522,700,10,1,53.11,0.05,50.45
1523,701,7,4,172.22,0.0,688.88
1524,702,26,1,44.87,0.0,44.87
1525,702,4,4,128.52,0.2,411.26
1526,703,35,4,28.31,0.15,96.25
1527,703,17,1,32.64,0.0,32.64
1528,703,40,1,27.39,0.0,27.39
1529,704,43,2,36.42,0.0,72.84
1530,704,16,3,27.33,0.0,81.99
1531,704,11,1,93.29,0.2,74.63
1532,705,43,4,36.42,0.0,145.68
1533,705,18,1,97.75,0.0,97.75
1534,706,10,4,53.11,0.0,212.44
1535,706,2,4,77.06,0.0,308.24
1536,706,19,3,92.93,0.0,278.79
1537,707,43,4,36.42,0.0,145.68
1538,707,40,3,27.39,0.2,65.74
1539,708,47,3,17.81,0.0,53.43
1540,708,30,2,64.36,0.0,128.72
1541,709,33,4,46.67,0.05,177.35
1542,709,14,2,88.57,0.05,168.28
1543,709,23,3,67.67,0.05,192.86
1544,709,46,3,8.04,0.0,24.12
1545,710,9,3,33.5,0.15,85.42
1546,710,18,1,97.75,0.15,83.09
1547,710,49,4,13.04,0.0,52.16
1548,710,43,4,36.42,0.05,138.4
1549,711,46,3,8.04,0.0,24.12
1550,712,38,3,77.4,0.05,220.59
1551,713,5,2,89.88,0.0,179.76
1552,713,3,1,41.89,0.0,41.89
1553,713,2,4,77.06,0.0,308.24
1554,714,50,2,49.32,0.0,98.64
1555,715,47,1,17.81,0.0,17.81
1556,715,25,3,37.91,0.0,113.73
1557,715,49,1,13.04,0.0,13.04
1558,715,27,3,12.72,0.05,36.25
1559,716,12,4,81.12,0.0,324.48
1560,716,21,2,133.67,0.0,267.34
1561,716,7,4,172.22,0.0,688.88
1562,717,13,2,21.76,0.0,43.52
1563,718,13,1,21.76,0.05,20.67
1564,718,6,1,130.84,0.0,130.84
1565,719,1,4,250.68,0.05,952.58
1566,719,24,1,22.27,0.0,22.27
1567,719,50,4,49.32,0.0,197.28
1568,720,31,3,56.95,0.0,170.85
1569,721,9,4,33.5,0.15,113.9
1570,721,5,1,89.88,0.0,89.88
1571,721,29,3,58.15,0.0,174.45
1572,721,28,4,60.27,0.0,241.08
1573,722,22,2,96.37,0.1,173.47
1574,722,2,3,77.06,0.15,196.5
1575,723,46,3,8.04,0.0,24.12
1576,724,19,2,92.93,0.15,157.98
1577,724,5,3,89.88,0.0,269.64
1578,724,35,1,28.31,0.05,26.89
1579,724,37,1,70.64,0.05,67.11
1580,725,17,3,32.64,0.0,97.92
1581,725,42,2,43.98,0.0,87.96
1582,725,2,1,77.06,0.0,77.06
1583,725,3,3,41.89,0.15,106.82
1584,726,4,4,128.52,0.0,514.08
1585,726,16,1,27.33,0.0,27.33
1586,727,27,1,12.72,0.15,10.81
1587,728,9,1,33.5,0.0,33.5
1588,728,18,4,97.75,0.05,371.45
1589,729,28,3,60.27,0.1,162.73
1590,729,31,2,56.95,0.0,113.9
1591,730,50,2,49.32,0.05,93.71
1592,731,44,4,51.17,0.0,204.68
1593,731,48,4,23.9,0.05,90.82
1594,731,2,4,77.06,0.1,277.42
1595,731,36,2,74.93,0.0,149.86
1596,732,40,3,27.39,0.0,82.17
1597,733,4,2,128.52,0.0,257.04
1598,734,15,1,118.88,0.2,95.1
1599,734,27,1,12.72,0.15,10.81
1600,735,4,1,128.52,0.0,128.52
1601,736,19,3,92.93,0.0,278.79
1602,736,3,2,41.89,0.2,67.02
1603,737,26,4,44.87,0.05,170.51
1604,738,5,2,89.88,0.0,179.76
1605,738,17,3,32.64,0.15,83.23
1606,739,29,3,58.15,0.15,148.28
1607,739,46,2,8.04,0.05,15.28
1608,739,20,3,119.26,0.0,357.78
1609,739,24,1,22.27,0.0,22.27
1610,740,46,1,8.04,0.0,8.04
1611,740,40,2,27.39,0.1,49.3
1612,740,32,2,71.83,0.0,143.66
1613,740,18,2,97.75,0.0,195.5
1614,741,10,4,53.11,0.05,201.82
1615,741,3,4,41.89,0.2,134.05
1616,741,16,1,27.33,0.0,27.33
1617,742,18,4,97.75,0.0,391.0
1618,743,4,1,128.52,0.15,109.24
1619,743,18,4,97.75,0.0,391.0
1620,743,40,2,27.39,0.0,54.78
1621,743,25,2,37.91,0.05,72.03
1622,743,32,1,71.83,0.05,68.24
1623,744,49,3,13.04,0.15,33.25
1624,745,49,2,13.04,0.1,23.47
1625,745,22,3,96.37,0.1,260.2
1626,745,17,4,32.64,0.15,110.98
1627,745,38,1,77.4,0.1,69.66
1628,746,47,3,17.81,0.15,45.42
1629,746,44,4,51.17,0.0,204.68
1630,747,50,2,49.32,0.2,78.91
1631,747,34,4,89.96,0.1,323.86
1632,747,17,2,32.64,0.0,65.28
1633,748,44,3,51.17,0.0,153.51
1634,749,35,3,28.31,0.0,84.93
1635,750,40,3,27.39,0.0,82.17
1636,751,42,1,43.98,0.0,43.98
1637,751,50,3,49.32,0.1,133.16
1638,752,29,4,58.15,0.0,232.6
1639,752,30,1,64.36,0.2,51.49
1640,752,2,4,77.06,0.05,292.83
1641,753,27,1,12.72,0.0,12.72
1642,753,4,3,128.52,0.2,308.45
1643,754,17,3,32.64,0.0,97.92
1644,754,50,4,49.32,0.0,197.28
1645,755,10,1,53.11,0.0,53.11
1646,755,40,1,27.39,0.0,27.39
1647,756,29,3,58.15,0.0,174.45
1648,756,38,2,77.4,0.0,154.8
1649,757,17,3,32.64,0.05,93.02
1650,757,2,1,77.06,0.05,73.21
1651,757,44,3,51.17,0.0,153.51
1652,758,8,1,244.3,0.0,244.3
1653,758,33,3,46.67,0.05,133.01
1654,759,44,4,51.17,0.15,173.98
1655,759,27,2,12.72,0.0,25.44
1656,759,5,3,89.88,0.0,269.64
1657,760,42,4,43.98,0.15,149.53
1658,760,24,3,22.27,0.05,63.47
1659,761,3,3,41.89,0.15,106.82
1660,762,2,3,77.06,0.05,219.62
1661,762,7,3,172.22,0.15,439.16
1662,762,39,4,84.68,0.1,304.85
1663,762,14,1,88.57,0.05,84.14
1664,763,49,1,13.04,0.2,10.43
1665,764,15,4,118.88,0.05,451.74
1666,764,37,1,70.64,0.1,63.58
1667,764,33,1,46.67,0.05,44.34
1668,764,41,4,43.66,0.0,174.64
1669,764,36,2,74.93,0.1,134.87
1670,765,16,3,27.33,0.0,81.99
1671,766,24,3,22.27,0.1,60.13
1672,766,15,1,118.88,0.05,112.94
1673,766,30,4,64.36,0.1,231.7
1674,767,24,1,22.27,0.15,18.93
1675,767,6,4,130.84,0.05,497.19
1676,767,23,4,67.67,0.1,243.61
1677,767,36,2,74.93,0.05,142.37
1678,768,9,4,33.5,0.05,127.3
1679,768,35,2,28.31,0.05,53.79
1680,768,16,3,27.33,0.0,81.99
1681,769,27,4,12.72,0.05,48.34
1682,770,32,2,71.83,0.15,122.11
1683,771,1,3,250.68,0.1,676.84
1684,771,11,4,93.29,0.1,335.84
1685,771,8,2,244.3,0.15,415.31
1686,771,27,4,12.72,0.0,50.88
1687,772,5,2,89.88,0.05,170.77
1688,773,25,3,37.91,0.0,113.73
1689,773,28,2,60.27,0.1,108.49
1690,774,22,1,96.37,0.2,77.1
1691,775,48,3,23.9,0.15,60.94
1692,776,41,3,43.66,0.1,117.88
1693,776,29,2,58.15,0.1,104.67
1694,776,48,1,23.9,0.0,23.9
1695,776,28,1,60.27,0.05,57.26
1696,777,42,4,43.98,0.0,175.92
1697,778,33,3,46.67,0.15,119.01
1698,778,47,1,17.81,0.0,17.81
1699,779,4,4,128.52,0.0,514.08
1700,779,37,4,70.64,0.0,282.56
1701,780,10,1,53.11,0.1,47.8
1702,781,47,3,17.81,0.05,50.76
1703,781,14,3,88.57,0.0,265.71
1704,781,28,3,60.27,0.0,180.81
1705,782,32,4,71.83,0.0,287.32
1706,783,17,1,32.64,0.15,27.74
1707,784,10,2,53.11,0.05,100.91
1708,784,7,2,172.22,0.0,344.44
1709,785,35,1,28.31,0.0,28.31
1710,785,13,3,21.76,0.15,55.49
1711,785,1,4,250.68,0.1,902.45
1712,785,32,2,71.83,0.1,129.29
1713,786,8,1,244.3,0.0,244.3
1714,787,17,2,32.64,0.2,52.22
1715,787,6,1,130.84,0.2,104.67
1716,788,48,1,23.9,0.0,23.9
1717,788,15,3,118.88,0.0,356.64
1718,788,47,1,17.81,0.1,16.03
1719,789,3,4,41.89,0.0,167.56
1720,790,34,1,89.96,0.15,76.47
1721,790,21,1,133.67,0.0,133.67
1722,790,13,4,21.76,0.15,73.98
1723,791,13,3,21.76,0.0,65.28
1724,792,12,4,81.12,0.0,324.48
1725,792,47,2,17.81,0.05,33.84
1726,793,34,2,89.96,0.0,179.92
1727,794,36,2,74.93,0.1,134.87
1728,795,45,3,32.57,0.05,92.82
1729,796,16,3,27.33,0.0,81.99
1730,796,41,2,43.66,0.15,74.22
1731,797,19,4,92.93,0.1,334.55
1732,797,43,4,36.42,0.05,138.4
1733,797,32,4,71.83,0.0,287.32
1734,798,49,3,13.04,0.0,39.12
1735,799,16,4,27.33,0.0,109.32
1736,799,43,4,36.42,0.2,116.54
1737,800,23,4,67.67,0.1,243.61
1738,800,45,4,32.57,0.1,117.25
1739,801,39,1,84.68,0.0,84.68
1740,801,27,2,12.72,0.15,21.62
1741,801,44,4,51.17,0.0,204.68
1742,801,16,3,27.33,0.0,81.99
1743,802,26,4,44.87,0.0,179.48
1744,803,4,3,128.52,0.0,385.56
1745,804,41,1,43.66,0.0,43.66
1746,805,37,2,70.64,0.1,127.15
1747,805,11,1,93.29,0.15,79.3
1748,806,22,1,96.37,0.2,77.1
1749,806,9,1,33.5,0.1,30.15
1750,807,46,3,8.04,0.15,20.5
1751,808,36,1,74.93,0.05,71.18
1752,808,5,3,89.88,0.05,256.16
1753,808,42,2,43.98,0.1,79.16
1754,809,46,2,8.04,0.0,16.08
1755,810,24,3,22.27,0.0,66.81
1756,811,16,1,27.33,0.1,24.6
1757,811,1,1,250.68,0.05,238.15
1758,812,3,3,41.89,0.0,125.67
1759,812,11,2,93.29,0.0,186.58
1760,812,19,1,92.93,0.1,83.64
1761,813,26,2,44.87,0.1,80.77
1762,814,6,4,130.84,0.0,523.36
1763,814,5,2,89.88,0.0,179.76
1764,814,33,4,46.67,0.0,186.68
1765,814,47,3,17.81,0.1,48.09
1766,815,48,3,23.9,0.0,71.7
1767,815,2,2,77.06,0.0,154.12
1768,816,37,1,70.64,0.0,70.64
1769,816,31,4,56.95,0.05,216.41
1770,816,25,4,37.91,0.0,151.64
1771,816,19,2,92.93,0.0,185.86
1772,816,28,4,60.27,0.1,216.97
1773,817,49,2,13.04,0.05,24.78
1774,817,35,1,28.31,0.0,28.31
1775,817,46,2,8.04,0.0,16.08
1776,817,7,4,172.22,0.05,654.44
1777,817,29,3,58.15,0.0,174.45
1778,818,6,2,130.84,0.0,261.68
1779,818,7,4,172.22,0.05,654.44
1780,818,36,1,74.93,0.0,74.93
1781,819,31,2,56.95,0.0,113.9
1782,819,34,4,89.96,0.0,359.84
1783,820,22,2,96.37,0.0,192.74
1784,821,39,1,84.68,0.0,84.68
1785,821,27,2,12.72,0.1,22.9
1786,822,35,2,28.31,0.0,56.62
1787,822,32,4,71.83,0.05,272.95
1788,822,21,1,133.67,0.15,113.62
1789,823,5,2,89.88,0.1,161.78
1790,823,25,2,37.91,0.05,72.03
1791,824,13,4,21.76,0.15,73.98
1792,825,28,4,60.27,0.0,241.08
1793,826,32,4,71.83,0.0,287.32
1794,826,9,3,33.5,0.0,100.5
1795,826,48,3,23.9,0.1,64.53
1796,827,18,3,97.75,0.05,278.59
1797,827,34,2,89.96,0.0,179.92
1798,827,21,2,133.67,0.1,240.61
1799,827,40,3,27.39,0.05,78.06
1800,828,30,2,64.36,0.15,109.41
1801,829,47,4,17.81,0.0,71.24
1802,829,9,4,33.5,0.0,134.0
1803,829,11,4,93.29,0.0,373.16
1804,829,34,1,89.96,0.0,89.96
1805,830,45,1,32.57,0.05,30.94
1806,831,4,4,128.52,0.05,488.38
1807,832,41,2,43.66,0.0,87.32
1808,833,13,3,21.76,0.0,65.28
1809,834,28,3,60.27,0.05,171.77
1810,834,38,4,77.4,0.15,263.16
1811,834,47,2,17.81,0.0,35.62
1812,834,20,2,119.26,0.0,238.52
1813,835,12,3,81.12,0.05,231.19
1814,836,34,4,89.96,0.0,359.84
1815,837,38,4,77.4,0.0,309.6
1816,837,39,1,84.68,0.1,76.21
1817,837,18,2,97.75,0.0,195.5
1818,838,10,1,53.11,0.0,53.11
1819,838,11,1,93.29,0.0,93.29
1820,838,31,4,56.95,0.0,227.8
1821,839,20,1,119.26,0.0,119.26
1822,839,33,4,46.67,0.0,186.68
1823,840,31,3,56.95,0.0,170.85
1824,841,34,2,89.96,0.2,143.94
1825,841,6,3,130.84,0.1,353.27
1826,842,36,3,74.93,0.05,213.55
1827,842,29,4,58.15,0.05,220.97
1828,842,32,2,71.83,0.0,143.66
1829,843,30,3,64.36,0.1,173.77
1830,844,36,2,74.93,0.0,149.86
1831,845,48,1,23.9,0.0,23.9
1832,846,13,1,21.76,0.05,20.67
1833,847,24,3,22.27,0.05,63.47
1834,848,18,1,97.75,0.05,92.86
1835,849,26,3,44.87,0.0,134.61
1836,849,3,1,41.89,0.2,33.51
1837,850,46,4,8.04,0.0,32.16
1838,850,31,4,56.95,0.1,205.02
1839,850,39,1,84.68,0.0,84.68
1840,851,46,2,8.04,0.1,14.47
1841,852,9,1,33.5,0.0,33.5
1842,853,4,1,128.52,0.0,128.52
1843,853,29,3,58.15,0.2,139.56
1844,853,41,2,43.66,0.05,82.95
1845,854,22,2,96.37,0.15,163.83
1846,854,44,3,51.17,0.05,145.83
1847,854,21,4,133.67,0.0,534.68
1848,855,4,2,128.52,0.1,231.34
1849,855,5,2,89.88,0.1,161.78
1850,856,29,1,58.15,0.0,58.15
1851,857,33,4,46.67,0.0,186.68
1852,858,1,3,250.68,0.0,752.04
1853,858,20,4,119.26,0.05,453.19
1854,858,18,1,97.75,0.05,92.86
1855,859,8,2,244.3,0.1,439.74
1856,859,6,2,130.84,0.0,261.68
1857,860,2,2,77.06,0.1,138.71
1858,860,50,2,49.32,0.05,93.71
1859,861,47,3,17.81,0.1,48.09
1860,861,16,2,27.33,0.1,49.19
1861,862,20,3,119.26,0.0,357.78
1862,862,4,2,128.52,0.05,244.19
1863,862,25,4,37.91,0.0,151.64
1864,863,13,2,21.76,0.2,34.82
1865,864,29,3,58.15,0.0,174.45
1866,865,24,3,22.27,0.1,60.13
1867,866,41,2,43.66,0.0,87.32
1868,866,44,4,51.17,0.0,204.68
1869,867,45,3,32.57,0.05,92.82
1870,867,28,3,60.27,0.0,180.81
1871,868,33,3,46.67,0.0,140.01
1872,868,36,2,74.93,0.0,149.86
1873,869,3,2,41.89,0.0,83.78
1874,869,8,4,244.3,0.05,928.34
1875,870,25,1,37.91,0.0,37.91
1876,871,23,1,67.67,0.0,67.67
1877,872,22,1,96.37,0.0,96.37
1878,872,42,3,43.98,0.0,131.94
1879,873,12,1,81.12,0.0,81.12
1880,873,49,4,13.04,0.05,49.55
1881,874,47,4,17.81,0.1,64.12
1882,874,26,3,44.87,0.1,121.15
1883,875,31,4,56.95,0.0,227.8
1884,875,44,2,51.17,0.1,92.11
1885,876,33,3,46.67,0.2,112.01
1886,876,7,4,172.22,0.05,654.44
1887,876,27,2,12.72,0.05,24.17
1888,876,28,3,60.27,0.15,153.69
1889,877,34,2,89.96,0.05,170.92
1890,877,13,1,21.76,0.2,17.41
1891,877,37,3,70.64,0.1,190.73
1892,877,49,2,13.04,0.1,23.47
1893,877,9,4,33.5,0.0,134.0
1894,878,43,2,36.42,0.15,61.91
1895,878,10,3,53.11,0.0,159.33
1896,879,14,4,88.57,0.0,354.28
1897,880,44,3,51.17,0.0,153.51
1898,881,7,4,172.22,0.05,654.44
1899,882,14,4,88.57,0.05,336.57
1900,883,46,1,8.04,0.0,8.04
1901,883,16,3,27.33,0.1,73.79
1902,883,49,2,13.04,0.0,26.08
1903,884,19,4,92.93,0.05,353.13
1904,885,23,1,67.67,0.0,67.67
1905,885,32,2,71.83,0.1,129.29
1906,886,22,1,96.37,0.05,91.55
1907,887,5,2,89.88,0.0,179.76
1908,887,42,1,43.98,0.0,43.98
1909,887,15,4,118.88,0.0,475.52
1910,888,12,4,81.12,0.0,324.48
1911,889,44,4,51.17,0.0,204.68
1912,890,27,1,12.72,0.0,12.72
1913,890,12,1,81.12,0.0,81.12
1914,890,11,1,93.29,0.05,88.63
1915,890,26,4,44.87,0.1,161.53
1916,890,44,1,51.17,0.0,51.17
1917,891,33,4,46.67,0.05,177.35
1918,892,42,4,43.98,0.0,175.92
1919,893,28,3,60.27,0.1,162.73
1920,894,29,3,58.15,0.1,157.0
1921,895,35,2,28.31,0.2,45.3
1922,895,24,4,22.27,0.15,75.72
1923,895,8,1,244.3,0.0,244.3
1924,896,46,3,8.04,0.0,24.12
1925,897,47,1,17.81,0.0,17.81
1926,897,30,1,64.36,0.0,64.36
1927,897,28,4,60.27,0.0,241.08
1928,898,39,3,84.68,0.0,254.04
1929,899,19,1,92.93,0.05,88.28
1930,900,23,4,67.67,0.0,270.68
1931,901,41,1,43.66,0.05,41.48
1932,902,3,4,41.89,0.0,167.56
1933,903,7,2,172.22,0.1,310.0
1934,904,28,3,60.27,0.2,144.65
1935,904,18,2,97.75,0.15,166.17
1936,905,47,1,17.81,0.0,17.81
1937,905,34,3,89.96,0.0,269.88
1938,905,37,1,70.64,0.0,70.64
1939,905,30,1,64.36,0.0,64.36
1940,906,20,4,119.26,0.0,477.04
1941,906,28,3,60.27,0.1,162.73
1942,907,6,2,130.84,0.05,248.6
1943,907,28,3,60.27,0.05,171.77
1944,907,8,2,244.3,0.05,464.17
1945,908,37,4,70.64,0.0,282.56
1946,909,18,2,97.75,0.0,195.5
1947,909,48,1,23.9,0.05,22.7
1948,909,45,2,32.57,0.05,61.88
1949,909,50,3,49.32,0.0,147.96
1950,910,27,2,12.72,0.0,25.44
1951,911,41,1,43.66,0.0,43.66
1952,911,21,1,133.67,0.1,120.3
1953,912,40,3,27.39,0.1,73.95
1954,913,30,4,64.36,0.05,244.57
1955,913,38,3,77.4,0.05,220.59
1956,914,36,3,74.93,0.0,224.79
1957,914,1,3,250.68,0.1,676.84
1958,915,48,4,23.9,0.0,95.6
1959,916,44,3,51.17,0.0,153.51
1960,916,25,1,37.91,0.05,36.01
1961,917,23,2,67.67,0.1,121.81
1962,917,6,3,130.84,0.0,392.52
1963,918,29,1,58.15,0.0,58.15
1964,918,44,2,51.17,0.05,97.22
1965,918,30,4,64.36,0.0,257.44
1966,919,49,4,13.04,0.2,41.73
1967,919,19,4,92.93,0.15,315.96
1968,919,36,2,74.93,0.0,149.86
1969,920,8,2,244.3,0.2,390.88
1970,920,7,3,172.22,0.0,516.66
1971,920,26,2,44.87,0.1,80.77
1972,920,14,4,88.57,0.05,336.57
1973,921,14,4,88.57,0.15,301.14
1974,922,50,3,49.32,0.05,140.56
1975,923,44,3,51.17,0.05,145.83
1976,923,41,4,43.66,0.0,174.64
1977,924,49,3,13.04,0.1,35.21
1978,924,30,4,64.36,0.0,257.44
1979,925,26,3,44.87,0.1,121.15
1980,925,19,2,92.93,0.05,176.57
1981,925,1,1,250.68,0.0,250.68
1982,925,35,4,28.31,0.2,90.59
1983,926,41,2,43.66,0.0,87.32
1984,926,2,1,77.06,0.05,73.21
1985,927,2,2,77.06,0.0,154.12
1986,927,21,4,133.67,0.05,507.95
1987,927,40,3,27.39,0.0,82.17
1988,928,42,2,43.98,0.15,74.77
1989,928,25,2,37.91,0.0,75.82
1990,929,16,2,27.33,0.0,54.66
1991,929,12,3,81.12,0.0,243.36
1992,929,31,1,56.95,0.0,56.95
1993,930,16,4,27.33,0.2,87.46
1994,930,44,2,51.17,0.2,81.87
1995,931,8,3,244.3,0.15,622.97
1996,931,39,2,84.68,0.0,169.36
1997,932,5,1,89.88,0.05,85.39
1998,932,1,4,250.68,0.15,852.31
1999,932,48,4,23.9,0.15,81.26
2000,933,27,3,12.72,0.15,32.44
2001,934,46,1,8.04,0.0,8.04
2002,934,50,1,49.32,0.0,49.32
2003,935,47,1,17.81,0.0,17.81
2004,936,33,4,46.67,0.0,186.68
2005,936,41,1,43.66,0.0,43.66
2006,936,42,3,43.98,0.1,118.75
2007,937,8,2,244.3,0.0,488.6
2008,937,47,3,17.81,0.0,53.43
2009,938,31,2,56.95,0.0,113.9
2010,939,45,1,32.57,0.0,32.57
2011,940,49,3,13.04,0.0,39.12
2012,940,16,4,27.33,0.0,109.32
2013,940,17,4,32.64,0.05,124.03
2014,941,39,2,84.68,0.0,169.36
2015,941,3,3,41.89,0.0,125.67
2016,942,37,3,70.64,0.15,180.13
2017,942,24,2,22.27,0.05,42.31
2018,942,46,3,8.04,0.0,24.12
2019,942,19,4,92.93,0.05,353.13
2020,943,45,2,32.57,0.0,65.14
2021,944,25,3,37.91,0.05,108.04
2022,945,14,3,88.57,0.0,265.71
2023,946,24,4,22.27,0.0,89.08
2024,947,23,3,67.67,0.05,192.86
2025,947,42,4,43.98,0.15,149.53
2026,947,10,4,53.11,0.05,201.82
2027,947,38,4,77.4,0.0,309.6
2028,948,1,2,250.68,0.0,501.36
2029,948,43,2,36.42,0.0,72.84
2030,948,5,1,89.88,0.05,85.39
2031,948,22,3,96.37,0.0,289.11
2032,949,41,2,43.66,0.1,78.59
2033,949,1,3,250.68,0.05,714.44
2034,950,7,3,172.22,0.05,490.83
2035,951,35,1,28.31,0.2,22.65
2036,952,37,2,70.64,0.0,141.28
2037,953,12,2,81.12,0.0,162.24
2038,953,45,4,32.57,0.0,130.28
2039,953,42,3,43.98,0.05,125.34
2040,954,13,1,21.76,0.15,18.5
2041,955,20,1,119.26,0.0,119.26
2042,956,49,4,13.04,0.0,52.16
2043,957,4,1,128.52,0.0,128.52
2044,957,21,1,133.67,0.0,133.67
2045,958,7,2,172.22,0.05,327.22
2046,958,35,3,28.31,0.05,80.68
2047,959,8,4,244.3,0.1,879.48
2048,959,47,2,17.81,0.05,33.84
2049,960,49,1,13.04,0.0,13.04
2050,960,30,4,64.36,0.05,244.57
2051,961,12,4,81.12,0.05,308.26
2052,961,22,3,96.37,0.0,289.11
2053,962,22,3,96.37,0.05,274.65
2054,962,18,1,97.75,0.2,78.2
2055,963,32,4,71.83,0.0,287.32
2056,963,1,2,250.68,0.0,501.36
2057,963,21,4,133.67,0.05,507.95
2058,963,33,1,46.67,0.15,39.67
2059,964,41,2,43.66,0.0,87.32
2060,964,44,1,51.17,0.1,46.05
2061,965,33,3,46.67,0.0,140.01
2062,966,7,3,172.22,0.15,439.16
2063,966,44,2,51.17,0.05,97.22
2064,967,11,2,93.29,0.1,167.92
2065,968,11,2,93.29,0.0,186.58
2066,968,40,4,27.39,0.05,104.08
2067,968,43,4,36.42,0.1,131.11
2068,969,17,4,32.64,0.15,110.98
2069,970,24,3,22.27,0.1,60.13
2070,970,10,3,53.11,0.0,159.33
2071,970,20,4,119.26,0.05,453.19
2072,971,1,1,250.68,0.2,200.54
2073,971,49,3,13.04,0.05,37.16
2074,971,26,2,44.87,0.2,71.79
2075,972,2,2,77.06,0.05,146.41
2076,972,46,3,8.04,0.0,24.12
2077,972,13,3,21.76,0.0,65.28
2078,973,25,2,37.91,0.1,68.24
2079,973,21,4,133.67,0.15,454.48
2080,974,16,2,27.33,0.0,54.66
2081,975,47,4,17.81,0.2,56.99
2082,975,38,1,77.4,0.1,69.66
2083,976,46,4,8.04,0.0,32.16
2084,977,38,3,77.4,0.0,232.2
2085,977,25,3,37.91,0.0,113.73
2086,977,4,3,128.52,0.0,385.56
2087,977,7,2,172.22,0.15,292.77
2088,977,41,1,43.66,0.0,43.66
2089,978,27,3,12.72,0.05,36.25
2090,978,10,1,53.11,0.0,53.11
2091,978,38,3,77.4,0.05,220.59
2092,979,17,3,32.64,0.05,93.02
2093,979,36,2,74.93,0.1,134.87
2094,979,34,1,89.96,0.15,76.47
2095,980,48,3,23.9,0.15,60.94
2096,980,21,4,133.67,0.1,481.21
2097,981,21,4,133.67,0.0,534.68
2098,982,13,3,21.76,0.0,65.28
2099,983,2,4,77.06,0.0,308.24
2100,983,9,4,33.5,0.1,120.6
2101,983,8,1,244.3,0.15,207.66
2102,984,2,4,77.06,0.2,246.59
2103,984,37,3,70.64,0.1,190.73
2104,985,37,1,70.64,0.1,63.58
2105,985,22,1,96.37,0.2,77.1
2106,986,35,1,28.31,0.05,26.89
2107,986,11,4,93.29,0.05,354.5
2108,986,33,2,46.67,0.1,84.01
2109,987,28,4,60.27,0.15,204.92
2110,987,18,2,97.75,0.05,185.72
2111,987,30,1,64.36,0.0,64.36
2112,988,30,4,64.36,0.15,218.82
2113,988,34,4,89.96,0.05,341.85
2114,989,25,1,37.91,0.0,37.91
2115,990,10,3,53.11,0.15,135.43
2116,991,50,4,49.32,0.05,187.42
2117,991,21,2,133.67,0.1,240.61
2118,992,23,2,67.67,0.0,135.34
2119,992,46,2,8.04,0.0,16.08
2120,993,2,1,77.06,0.1,69.35
2121,994,5,3,89.88,0.15,229.19
2122,994,21,2,133.67,0.0,267.34
2123,995,18,2,97.75,0.15,166.17
2124,996,23,1,67.67,0.0,67.67
2125,997,29,4,58.15,0.15,197.71
2126,997,8,2,244.3,0.0,488.6
2127,997,25,4,37.91,0.0,151.64
2128,997,2,2,77.06,0.0,154.12
2129,998,8,1,244.3,0.2,195.44
2130,999,38,1,77.4,0.0,77.4
2131,999,47,2,17.81,0.0,35.62
2132,1000,39,3,84.68,0.0,254.04
2133,1000,23,2,67.67,0.2,108.27
